name,url,class0,class1,class2,smiles,_merge,wikipedia_url,isomerdesign_url
"1,4-Butanediol","https://psychonautwiki.org/wiki/1,4-Butanediol",Depressant,,,C(CCO)CO,both,,
1B-LSD,https://psychonautwiki.org/wiki/1B-LSD,Psychedelics,,,CN1[C@](C2=C[C@@H](C(N(CC)CC)=O)C1)([H])CC3=CN(C(CCC)=O)C4=C3C2=CC=C4,both,,
1P-LSD,https://psychonautwiki.org/wiki/1P-LSD,Psychedelics,,,CCN(CC)C(=O)[C@H]1CN(C)[C@@H]2Cc3cn(C(=O)CC)c4cccc(C2=C1)c34,both,,
1cP-LSD,https://psychonautwiki.org/wiki/1cP-LSD,Psychedelics,,,CCN(CC)C(=O)[C@@H]5C=C2[C@@H](Cc3cn(C(=O)C1CC1)c4cccc2c34)N(C)C5,both,,
2-Aminoindane,https://psychonautwiki.org/wiki/2-Aminoindane,Stimulants,,,C1C(CC2=CC=CC=C21)N,both,,
2-FA,https://psychonautwiki.org/wiki/2-FA,Stimulants,,,,left_only,,
2-FEA,https://psychonautwiki.org/wiki/2-FEA,Stimulants,Entactogens,,,left_only,,
2-FMA,https://psychonautwiki.org/wiki/2-FMA,Stimulants,,,,left_only,,
2-Fluorodeschloroketamine,https://psychonautwiki.org/wiki/2-Fluorodeschloroketamine,Dissociatives,,,CNC1(CCCCC1=O)c2ccccc2F,both,,
25B-NBOH,https://psychonautwiki.org/wiki/25B-NBOH,Psychedelics,,,BrC2=CC(=C(CCNCC1=C(C=CC=C1)O)C=C2OC)OC,both,,
25C-NBOH,https://psychonautwiki.org/wiki/25C-NBOH,Psychedelics,,,COc1cc(Cl)c(OC)cc1CCNCc2ccccc2O,both,,
25C-NBOMe,https://psychonautwiki.org/wiki/25C-NBOMe,Psychedelics,,,COc2ccccc2CNCCc(cc1OC)c(OC)cc1Cl,both,,
25D-NBOMe,https://psychonautwiki.org/wiki/25D-NBOMe,Psychedelics,,,COC1=C(C=C(C(=C1)C)OC)CCNCC2=C(C=CC=C2)OC,both,,
25I-NBOH,https://psychonautwiki.org/wiki/25I-NBOH,Psychedelics,,,Oc2ccccc2CNCCc(c(OC)cc1I)cc1OC,both,,
25I-NBOMe,https://psychonautwiki.org/wiki/25I-NBOMe,Psychedelics,,,COC1=CC=CC=C1CNCCC2=CC(=C(C=C2OC)I)OC,both,,
25N-NBOMe,https://psychonautwiki.org/wiki/25N-NBOMe,Psychedelics,,,COC1=C(CCNCC2=C(OC)C=CC=C2)C=C(OC)C([N+]([O-])=O)=C1,both,,
2C-B,https://psychonautwiki.org/wiki/2C-B,Psychedelics,,,COc1cc(CCN)c(OC)cc1Br,both,,
2C-B-FLY,https://psychonautwiki.org/wiki/2C-B-FLY,Psychedelics,,,NCCc1c2CCOc2c(Br)c3CCOc13,both,,
2C-C,https://psychonautwiki.org/wiki/2C-C,Psychedelics,,,COc1cc(CCN)c(cc1Cl)OC,both,,
2C-D,https://psychonautwiki.org/wiki/2C-D,Psychedelics,,,O(c1cc(c(OC)cc1CCN)C)C,both,,
2C-E,https://psychonautwiki.org/wiki/2C-E,Psychedelics,,,COc1cc(CC)c(cc1CCN)OC,both,,
2C-H,https://psychonautwiki.org/wiki/2C-H,Stimulants,Psychedelics,,O(c1ccc(OC)cc1CCN)C,both,,
2C-I,https://psychonautwiki.org/wiki/2C-I,Psychedelics,,,Ic1cc(OC)c(cc1OC)CCN,both,,
2C-P,https://psychonautwiki.org/wiki/2C-P,Psychedelics,,,COC1=C(CCN)C=C(OC)C(CCC)=C1,both,,
2C-T-2,https://psychonautwiki.org/wiki/2C-T-2,Psychedelics,,,CCSc1cc(OC)c(cc1OC)CCN,both,,
2M2B,https://psychonautwiki.org/wiki/2M2B,Depressant,,,,left_only,,
3-FA,https://psychonautwiki.org/wiki/3-FA,Stimulants,,,,left_only,,
3-FEA,https://psychonautwiki.org/wiki/3-FEA,Stimulants,Entactogens,,,left_only,,
3-FMA,https://psychonautwiki.org/wiki/3-FMA,Stimulants,Entactogens,,,left_only,,
3-FPM,https://psychonautwiki.org/wiki/3-FPM,Stimulants,,,,left_only,,
3-HO-PCE,https://psychonautwiki.org/wiki/3-HO-PCE,Dissociatives,,,,left_only,,
3-HO-PCP,https://psychonautwiki.org/wiki/3-HO-PCP,Dissociatives,,,c1cc(cc(c1)O)C2(CCCCC2)N3CCCCC3,both,,
3-MMC,https://psychonautwiki.org/wiki/3-MMC,Stimulants,Entactogens,,,left_only,,
3-Me-PCP,https://psychonautwiki.org/wiki/3-Me-PCP,Dissociatives,,,,left_only,,
3-MeO-PCE,https://psychonautwiki.org/wiki/3-MeO-PCE,Dissociatives,,,CCNC1(CCCCC1)C2=CC(=CC=C2)OC,both,,
3-MeO-PCMo,https://psychonautwiki.org/wiki/3-MeO-PCMo,Dissociatives,,,COC1=CC(C2(N3CCOCC3)CCCCC2)=CC=C1,both,,
3-MeO-PCP,https://psychonautwiki.org/wiki/3-MeO-PCP,Dissociatives,,,COc3cccc(c3)C1(CCCCC1)N2CCCCC2,both,,
3C-E,https://psychonautwiki.org/wiki/3C-E,Psychedelics,,,CCOc1c(cc(cc1OC)CC(C)N)OC,both,,
4-AcO-DET,https://psychonautwiki.org/wiki/4-AcO-DET,Psychedelics,,,,left_only,,
4-AcO-DMT,https://psychonautwiki.org/wiki/4-AcO-DMT,Psychedelics,,,,left_only,,
4-AcO-MET,https://psychonautwiki.org/wiki/4-AcO-MET,Psychedelics,,,,left_only,,
4-AcO-MiPT,https://psychonautwiki.org/wiki/4-AcO-MiPT,Psychedelics,,,,left_only,,
4-FA,https://psychonautwiki.org/wiki/4-FA,Stimulants,Entactogens,,,left_only,,
4-FMA,https://psychonautwiki.org/wiki/4-FMA,Stimulants,Entactogens,,,left_only,,
4-HO-EPT,https://psychonautwiki.org/wiki/4-HO-EPT,Psychedelics,,,CCCN(CC)CCC1=CNC2=CC=CC(O)=C12,both,,
4-HO-MET,https://psychonautwiki.org/wiki/4-HO-MET,Psychedelics,,,CCN(C)CCc2c[nH]c1cccc(O)c12,both,,
4-HO-MPT,https://psychonautwiki.org/wiki/4-HO-MPT,Psychedelics,,,OC1=CC=CC2=C1C(CCN(C)CCC)=CN2,both,,
4-HO-MiPT,https://psychonautwiki.org/wiki/4-HO-MiPT,Psychedelics,,,CN(C(C)C)CCC2=CNC1=CC=CC(O)=C12,both,,
4-MeO-PCP,https://psychonautwiki.org/wiki/4-MeO-PCP,Dissociatives,,,COc1ccc(cc1)C2(CCCCC2)N3CCCCC3,both,,
4F-EPH,https://psychonautwiki.org/wiki/4F-EPH,Stimulants,,,,left_only,,
4F-MPH,https://psychonautwiki.org/wiki/4F-MPH,Stimulants,,,,left_only,,
5-APB,https://psychonautwiki.org/wiki/5-APB,Stimulants,Entactogens,,CC(N)CC1=CC(C=CO2)=C2C=C1,both,,
5-MAPB,https://psychonautwiki.org/wiki/5-MAPB,Entactogens,,,CC(NC)CC1=CC(C=CO2)=C2C=C1,both,,
5-MeO-DALT,https://psychonautwiki.org/wiki/5-MeO-DALT,Psychedelics,,,C=CCN(CCC1=CNC2=C1C=C(OC)C=C2)CC=C,both,,
5-MeO-DMT,https://psychonautwiki.org/wiki/5-MeO-DMT,Psychedelics,,,COc2ccc1[nH]cc(CCN(C)C)c1c2,both,,
5-MeO-DiBF,https://psychonautwiki.org/wiki/5-MeO-DiBF,Psychedelics,,,COC1=CC=C(OC=C2CCN(C(C)C)C(C)C)C2=C1,both,,
5-MeO-MiPT,https://psychonautwiki.org/wiki/5-MeO-MiPT,Psychedelics,Entactogens,,O(c1cc2c(cc1)[nH]cc2CCN(C(C)C)C)C,both,,
5F-AKB48,https://psychonautwiki.org/wiki/5F-AKB48,Cannabinoid,,,,left_only,,
5F-PB-22,https://psychonautwiki.org/wiki/5F-PB-22,Cannabinoid,,,C1=CC=C2C(=C1)C(=CN2CCCCCF)C(=O)OC3=CC=CC4=C3N=CC=C4,both,,
6-APB,https://psychonautwiki.org/wiki/6-APB,Psychedelics,Entactogens,,NC(C)CC1=CC(OC=C2)=C2C=C1,both,,
6-APDB,https://psychonautwiki.org/wiki/6-APDB,Stimulants,Entactogens,,O2c1cc(ccc1CC2)CC(N)C,both,,
8-Chlorotheophylline,https://psychonautwiki.org/wiki/8-Chlorotheophylline,,,,Cn2c(=O)c1[nH]c(Cl)nc1n(C)c2=O,both,,
A-PVP,https://psychonautwiki.org/wiki/A-PVP,Stimulants,,,,left_only,,
AB-FUBINACA,https://psychonautwiki.org/wiki/AB-FUBINACA,Cannabinoid,,,CC(C)[C@H](NC(=O)c1nn(Cc2ccc(F)cc2)c3ccccc13)C(N)=O,both,,
ALD-52,https://psychonautwiki.org/wiki/ALD-52,Psychedelics,,,O=C(n1cc2c3c(C4=C[C@@H](C(=O)N(CC)CC)CN([C@@H]4C2)C)cccc13)C,both,,
APICA,https://psychonautwiki.org/wiki/APICA,Cannabinoid,,,,left_only,,
Acetylfentanyl,https://psychonautwiki.org/wiki/Acetylfentanyl,Opioids,,,CC(N(C1=CC=CC=C1)C2CCN(CCC3=CC=CC=C3)CC2)=O,both,,
Adrafinil,https://psychonautwiki.org/wiki/Adrafinil,Nootropic,,,O=S(C(c1ccccc1)c2ccccc2)CC(=O)NO,both,,
Alpha-GPC,https://psychonautwiki.org/wiki/Alpha-GPC,Nootropic,,,[O-]P(=O)(OC[C@H](O)CO)OCC[N+](C)(C)C,both,,
Alprazolam,https://psychonautwiki.org/wiki/Alprazolam,Depressant,,,ClC1=CC2=C(C=C1)N3C(C)=NN=C3CN=C2C4=CC=CC=C4,both,,
Amphetamine,https://psychonautwiki.org/wiki/Amphetamine,Stimulants,,,NC(C)Cc1ccccc1,both,,
Aniracetam,https://psychonautwiki.org/wiki/Aniracetam,Nootropic,,,O=C2N(C(=O)c1ccc(OC)cc1)CCC2,both,,
Armodafinil,https://psychonautwiki.org/wiki/Armodafinil,,,,C1=CC=C(C=C1)C(C2=CC=CC=C2)[S@](=O)CC(=O)N,both,,
Benzydamine,https://psychonautwiki.org/wiki/Benzydamine,Deliriant,Stimulants,,n2c(OCCCN(C)C)c1ccccc1n2Cc3ccccc3,both,,
Bromantane,https://psychonautwiki.org/wiki/Bromantane,Stimulants,Nootropic,,C1C2CC3CC1CC(C2)C3NC4=CC=C(C=C4)Br,both,,
Buprenorphine,https://psychonautwiki.org/wiki/Buprenorphine,Opioids,,,Oc7ccc5c1c7O[C@H]3[C@]6(OC)[C@H](C[C@@]2([C@H](N(CC[C@@]123)CC4CC4)C5)CC6)[C@@](O)(C)C(C)(C)C,both,,
Butylone,https://psychonautwiki.org/wiki/Butylone,Stimulants,Entactogens,,CCC(C(=O)C1=CC2=C(C=C1)OCO2)NC,both,,
Caffeine,https://psychonautwiki.org/wiki/Caffeine,Stimulants,,,CN1C=NC2=C1C(=O)N(C(=O)N2C)C,both,,
Cannabidiol,https://psychonautwiki.org/wiki/Cannabidiol,Cannabinoid,,,Oc1c(c(O)cc(c1)CCCCC)[C@@H]2\C=C(/CC[C@H]2\C(=C)C)C,both,,
Carisoprodol,https://psychonautwiki.org/wiki/Carisoprodol,Depressant,,,O=C(N)OCC(C)(CCC)COC(=O)NC(C)C,both,,
Choline bitartrate,https://psychonautwiki.org/wiki/Choline_bitartrate,Nootropic,,,,left_only,,
Citicoline,https://psychonautwiki.org/wiki/Citicoline,Nootropic,,,C[N+](C)(C)CCOP(=O)([O-])OP(=O)(O)OC[C@@H]1[C@@H](O)[C@@H](O)[C@@H](O1)N2C=CC(N)=NC2=O,both,,
Clonazepam,https://psychonautwiki.org/wiki/Clonazepam,Depressant,,,[O-][N+](C1=CC2=C(C=C1)NC(CN=C2C3=CC=CC=C3Cl)=O)=O,both,,
Clonazolam,https://psychonautwiki.org/wiki/Clonazolam,Depressant,,,CC1=NN=C2N1C3=C(C=C(C=C3)[N+](=O)[O-])C(=NC2)C4=CC=CC=C4Cl,both,,
Clonidine,https://psychonautwiki.org/wiki/Clonidine,Depressant,,,Clc1cccc(Cl)c1N/C2=N/CCN2,both,,
Cocaine,https://psychonautwiki.org/wiki/Cocaine,Stimulants,,,CN1[C@H]2CC[C@@H]1[C@@H](C(OC)=O)[C@@H](OC(C3=CC=CC=C3)=O)C2,both,,
Codeine,https://psychonautwiki.org/wiki/Codeine,Opioids,,,CN1CCC23C4C1CC5=C2C(=C(C=C5)OC)OC3C(C=C4)O,both,,
Coluracetam,https://psychonautwiki.org/wiki/Coluracetam,Nootropic,,,Cc1c(oc2c1c(c3c(n2)CCCC3)NC(=O)CN4CCCC4=O)C,both,,
Creatine,https://psychonautwiki.org/wiki/Creatine,Nootropic,,,CN(CC(=O)O)C(=N)N,both,,
Cyclazodone,https://psychonautwiki.org/wiki/Cyclazodone,Stimulants,,,C1CC1NC2=NC(=O)C(O2)C3=CC=CC=C3,both,,
DET,https://psychonautwiki.org/wiki/DET,Psychedelics,,,,left_only,,
DMT,https://psychonautwiki.org/wiki/DMT,Psychedelics,,,,left_only,,
DOB,https://psychonautwiki.org/wiki/DOB,Psychedelics,,,,left_only,,
DOC,https://psychonautwiki.org/wiki/DOC,Psychedelics,,,,left_only,,
DPT,https://psychonautwiki.org/wiki/DPT,Psychedelics,,,,left_only,,
Deschloroetizolam,https://psychonautwiki.org/wiki/Deschloroetizolam,Depressant,,,CCC1=CC2=C(S1)N3C(=NN=C3CN=C2C4=CC=CC=C4)C,both,,
Deschloroketamine,https://psychonautwiki.org/wiki/Deschloroketamine,Dissociatives,,,CNC1(CCCCC1=O)c2ccccc2,both,,
Desomorphine,https://psychonautwiki.org/wiki/Desomorphine,Opioids,,,OC1=C2O[C@@H]3[C@@]45C2=C(C[C@H]([C@@H]5CCC3)N(C)CC4)C=C1,both,,
Desoxypipradrol,https://psychonautwiki.org/wiki/Desoxypipradrol,Stimulants,,,C1(C(C2NCCCC2)C3=CC=CC=C3)=CC=CC=C1,both,,
Dextromethorphan,https://psychonautwiki.org/wiki/Dextromethorphan,Dissociatives,,,CN1CC[C@@]23CCCC[C@@H]2[C@@H]1Cc4c3cc(cc4)OC,both,,
Dextropropoxyphene,https://psychonautwiki.org/wiki/Dextropropoxyphene,Opioids,,,CCC(=O)O[C@](Cc1ccccc1)(c2ccccc2)[C@H](C)CN(C)C,both,,
DiPT,https://psychonautwiki.org/wiki/DiPT,Psychedelics,,,,left_only,,
Diazepam,https://psychonautwiki.org/wiki/Diazepam,Depressant,,,c1ccccc1C2=NCC(=O)N(C)c3ccc(Cl)cc23,both,,
Dichloropane,https://psychonautwiki.org/wiki/Dichloropane,Stimulants,,,COC(=O)[C@@H]1[C@H]2CC[C@H](N2C)C[C@@H]1C3=CC(=C(C=C3)Cl)Cl,both,,
Diclazepam,https://psychonautwiki.org/wiki/Diclazepam,Depressant,,,CN1C2=C(C=C(C=C2)Cl)C(C3=C(Cl)C=CC=C3)=NCC1=O,both,,
Diphenhydramine,https://psychonautwiki.org/wiki/Diphenhydramine,Deliriant,Depressant,,O(CCN(C)C)C(c1ccccc1)c2ccccc2,both,,
Diphenidine,https://psychonautwiki.org/wiki/Diphenidine,Dissociatives,,,c1ccc(cc1)CC(c2ccccc2)N3CCCCC3,both,,
ETH-CAT,https://psychonautwiki.org/wiki/ETH-CAT,Stimulants,,,,left_only,,
Ephenidine,https://psychonautwiki.org/wiki/Ephenidine,Dissociatives,,,CCNC(CC1=CC=CC=C1)C2=CC=CC=C2,both,,
Ephylone,https://psychonautwiki.org/wiki/Ephylone,Stimulants,Entactogens,,,left_only,,
Ergotamine,https://psychonautwiki.org/wiki/Ergotamine,,,,C[C@@]1(C(=O)N2[C@H](C(=O)N3CCC[C@H]3[C@@]2(O1)O)CC4=CC=CC=C4)NC(=O)[C@H]5CN([C@@H]6CC7=CNC8=CC=CC(=C78)C6=C5)C,both,,
Escaline,https://psychonautwiki.org/wiki/Escaline,Psychedelics,,,O(c1c(OC)cc(cc1OC)CCN)CC,both,,
Etazene,https://psychonautwiki.org/wiki/Etazene,,,,,left_only,,
Ethylmorphine,https://psychonautwiki.org/wiki/Ethylmorphine,Opioids,,,O[C@H]2\C=C/[C@H]5[C@@H]4N(CC[C@@]51c3c(O[C@H]12)c(OCC)ccc3C4)C,both,,
Ethylphenidate,https://psychonautwiki.org/wiki/Ethylphenidate,Stimulants,,,CCOC(=O)C(C1CCCCN1)C2=CC=CC=C2,both,,
Etizolam,https://psychonautwiki.org/wiki/Etizolam,Depressant,,,ClC1=CC=CC=C1C2=NCC3=NN=C(C)N3C4=C2C=C(CC)S4,both,,
F-Phenibut,https://psychonautwiki.org/wiki/F-Phenibut,Depressant,,,,left_only,,
Fentanyl,https://psychonautwiki.org/wiki/Fentanyl,Opioids,,,O=C(CC)N(C1CCN(CC1)CCc2ccccc2)c3ccccc3,both,,
Flubromazepam,https://psychonautwiki.org/wiki/Flubromazepam,Depressant,,,BrC1=CC(C(C2=CC=CC=C2F)=NC3)=C(C=C1)NC3=O,both,,
Flubromazolam,https://psychonautwiki.org/wiki/Flubromazolam,Depressant,,,BrC1=CC3=C(C=C1)[N]2C(=NN=C2C)CN=C3C4=C(C=CC=C4)F,both,,
GBL,https://psychonautwiki.org/wiki/GBL,Depressant,,,,left_only,,
GHB,https://psychonautwiki.org/wiki/GHB,Depressant,,,,left_only,,
Gabapentin,https://psychonautwiki.org/wiki/Gabapentin,Depressant,,,O=C(O)CC1(CN)CCCCC1,both,,
Galantamine,https://psychonautwiki.org/wiki/Galantamine,Sedative,Oneirogen,,O(c2c1O[C@H]4C[C@@H](O)/C=C\[C@@]43c1c(cc2)CN(C)CC3)C,both,,
Haloperidol,https://psychonautwiki.org/wiki/Haloperidol,Antipsychotic,,,c1cc(ccc1C(=O)CCCN2CCC(CC2)(c3ccc(cc3)Cl)O)F,both,,
Heroin,https://psychonautwiki.org/wiki/Heroin,Opioids,,,CC(OC1=C(O[C@@H]2[C@]34CCN(C)[C@@H]([C@@H]4C=C[C@@H]2OC(C)=O)C5)C3=C5C=C1)=O,both,,
Hexedrone,https://psychonautwiki.org/wiki/Hexedrone,Stimulants,,,CCCCC(C(=O)C1=CC=CC=C1)NC,both,,
Hydrocodone,https://psychonautwiki.org/wiki/Hydrocodone,Opioids,,,O=C4[C@@H]5Oc1c2c(ccc1OC)C[C@H]3N(CC[C@]25[C@H]3CC4)C,both,,
Hydromorphone,https://psychonautwiki.org/wiki/Hydromorphone,Opioids,,,O=C4[C@@H]5Oc1c2c(ccc1O)C[C@H]3N(CC[C@]25[C@H]3CC4)C,both,,
Ibogaine,https://psychonautwiki.org/wiki/Ibogaine,Psychedelics,,,CC[C@H]([C@@H]1[N@](C2)CC3)C[C@@H]2C[C@H]1C(N4)=C3C5=C4C=CC(OC)=C5,both,,
JWH-018,https://psychonautwiki.org/wiki/JWH-018,Cannabinoid,,,CCCCCN1C=C(C(C2=CC=CC3=CC=CC=C32)=O)C4=CC=CC=C41,both,,
JWH-073,https://psychonautwiki.org/wiki/JWH-073,Cannabinoid,,,CCCCN1C=C(C2=CC=CC=C21)C(=O)C3=CC=CC4=CC=CC=C43,both,,
Ketamine,https://psychonautwiki.org/wiki/Ketamine,Dissociatives,,,Clc1ccccc1C2(NC)CCCCC2=O,both,,
LSA,https://psychonautwiki.org/wiki/LSA,Psychedelics,,,,left_only,,
LSD,https://psychonautwiki.org/wiki/LSD,Psychedelics,,,,left_only,,
LSM-775,https://psychonautwiki.org/wiki/LSM-775,Psychedelics,,,O=C(N1CCOCC1)[C@@H]5C=C4c2cccc3c2c(c[nH]3)C[C@H]4N(C)C5,both,,
LSZ,https://psychonautwiki.org/wiki/LSZ,Psychedelics,,,,left_only,,
Lisdexamfetamine,https://psychonautwiki.org/wiki/Lisdexamfetamine,Stimulants,,,O=C(N[C@H](Cc1ccccc1)C)[C@@H](N)CCCCN,both,,
Lorazepam,https://psychonautwiki.org/wiki/Lorazepam,Depressant,,,ClC1=CC=CC=C1C2=NC(C(NC3=C2C=C(C=C3)Cl)=O)O,both,,
MCPP,https://psychonautwiki.org/wiki/MCPP,Stimulants,,,,left_only,,
MDA,https://psychonautwiki.org/wiki/MDA,Stimulants,Psychedelics,Entactogens,,left_only,,
MDAI,https://psychonautwiki.org/wiki/MDAI,Entactogens,,,C1C(CC2=CC3=C(C=C21)OCO3)N,both,,
MDEA,https://psychonautwiki.org/wiki/MDEA,Entactogens,,,,left_only,,
MDMA,https://psychonautwiki.org/wiki/MDMA,Stimulants,Entactogens,,CC(NC)CC1=CC=C(OCO2)C2=C1,both,,
MPT,https://psychonautwiki.org/wiki/MPT,Psychedelics,,,,left_only,,
MXiPr,https://psychonautwiki.org/wiki/MXiPr,Dissociatives,,,CC(C)NC1(CCCCC1=O)c1cccc(OC)c1,both,,
Melatonin,https://psychonautwiki.org/wiki/Melatonin,Oneirogen,,,COC1=CC2=C(NC=C2CCNC(C)=O)C=C1,both,,
Memantine,https://psychonautwiki.org/wiki/Memantine,Dissociatives,,,NC12CC3(CC(C1)(CC(C2)C3)C)C,both,,
Mephedrone,https://psychonautwiki.org/wiki/Mephedrone,Stimulants,Entactogens,,CC1=CC=C(C(C(NC)C)=O)C=C1,both,,
Mescaline,https://psychonautwiki.org/wiki/Mescaline,Psychedelics,,,O(c1cc(cc(OC)c1OC)CCN)C,both,,
Methadone,https://psychonautwiki.org/wiki/Methadone,Opioids,,,CCC(C(C1=CC=CC=C1)(C2=CC=CC=C2)CC(N(C)C)C)=O,both,,
Methamphetamine,https://psychonautwiki.org/wiki/Methamphetamine,Stimulants,,,CNC(C)Cc1ccccc1,both,,
Methaqualone,https://psychonautwiki.org/wiki/Methaqualone,Depressant,,,O=C1C2=C(C=CC=C2)N=C(C)N1C3=C(C)C=CC=C3,both,,
Methiopropamine,https://psychonautwiki.org/wiki/Methiopropamine,Stimulants,,,CNC(C)CC1=CC=CS1,both,,
Methoxetamine,https://psychonautwiki.org/wiki/Methoxetamine,Dissociatives,,,O=C1CCCCC1(C2=CC=CC(OC)=C2)NCC,both,,
Methoxphenidine,https://psychonautwiki.org/wiki/Methoxphenidine,Dissociatives,,,COC1=C(C=CC=C1)C(CC2=CC=CC=C2)N3CCCCC3,both,,
Methylnaphthidate,https://psychonautwiki.org/wiki/Methylnaphthidate,Stimulants,,,,left_only,,
Methylone,https://psychonautwiki.org/wiki/Methylone,Stimulants,Entactogens,,CC(NC)C(=O)C1=CC=C(OCO2)C2=C1,both,,
Methylphenidate,https://psychonautwiki.org/wiki/Methylphenidate,Stimulants,,,O=C(OC)C(C1CCCCN1)C2=CC=CC=C2,both,,
Metizolam,https://psychonautwiki.org/wiki/Metizolam,Depressant,,,ClC1=C(C=CC=C1)C3=NCC2=NN=C[N]2C4=C3C=C(S4)CC,both,,
Mexedrone,https://psychonautwiki.org/wiki/Mexedrone,Stimulants,,,Cc1ccc(cc1)C(=O)C(COC)NC,both,,
MiPT,https://psychonautwiki.org/wiki/MiPT,Psychedelics,,,,left_only,,
Midazolam,https://psychonautwiki.org/wiki/Midazolam,Depressant,,,ClC1=CC=C2C(C(C3=CC=CC=C3F)=NCC4=CN=C(C)N42)=C1,both,,
Modafinil,https://psychonautwiki.org/wiki/Modafinil,Eugeroic,,,O=S(C(c1ccccc1)c2ccccc2)CC(=O)N,both,,
Morphine,https://psychonautwiki.org/wiki/Morphine,Opioids,,,CN1CC[C@]23C4=C5C=CC(O)=C4O[C@H]2[C@@H](O)C=C[C@H]3[C@H]1C5,both,,
Myristicin,https://psychonautwiki.org/wiki/Myristicin,Deliriant,,,O1c2cc(cc(OC)c2OC1)C\C=C,both,,
N-Acetylcysteine,https://psychonautwiki.org/wiki/N-Acetylcysteine,Nootropic,,,,left_only,,
N-Methylbisfluoromodafinil,https://psychonautwiki.org/wiki/N-Methylbisfluoromodafinil,Nootropic,,,,left_only,,
NEP,https://psychonautwiki.org/wiki/NEP,Stimulants,,,,left_only,,
NM-2-AI,https://psychonautwiki.org/wiki/NM-2-AI,Stimulants,,,CNC2CC1=CC=CC=C1C2,both,,
Naloxone,https://psychonautwiki.org/wiki/Naloxone,Opioids,,,O=C1[C@@H]2OC3=C(O)C=CC4=C3[C@@]2([C@]5(CC1)O)CCN(CC=C)[C@@H]5C4,both,,
Nicotine,https://psychonautwiki.org/wiki/Nicotine,Stimulants,,,CN1CCC[C@H]1C1=CC=CN=C1,both,,
Nifoxipam,https://psychonautwiki.org/wiki/Nifoxipam,Depressant,,,O=C1C(O)N=C(C2=CC=CC=C2F)C3=CC([N+]([O-])=O)=CC=C3N1,both,,
Nitrous,https://psychonautwiki.org/wiki/Nitrous,Dissociatives,,,,left_only,,
O-Desmethyltramadol,https://psychonautwiki.org/wiki/O-Desmethyltramadol,Opioids,,,,left_only,,
O-PCE,https://psychonautwiki.org/wiki/O-PCE,Dissociatives,,,,left_only,,
Omberacetam,https://psychonautwiki.org/wiki/Omberacetam,Nootropic,,,,left_only,,
Oxiracetam,https://psychonautwiki.org/wiki/Oxiracetam,Stimulants,Nootropic,,O=C(N)CN1C(=O)CC(O)C1,both,,
Oxycodone,https://psychonautwiki.org/wiki/Oxycodone,Opioids,,,O=C4[C@@H]5Oc1c2c(ccc1OC)C[C@H]3N(CC[C@]25[C@@]3(O)CC4)C,both,,
Oxymorphone,https://psychonautwiki.org/wiki/Oxymorphone,Opioids,,,O=C1[C@@H]2OC3=C(O)C=CC4=C3[C@@]2([C@]5(CC1)O)CCN(C)[C@@H]5C4,both,,
PARGY-LAD,https://psychonautwiki.org/wiki/PARGY-LAD,Psychedelics,,,CCN(CC)C(=O)[C@@H]2C=C1c3cccc4[nH]cc(C[C@H]1N(C2)CC#C)c34,both,,
PCE,https://psychonautwiki.org/wiki/PCE,Dissociatives,,,,left_only,,
PCP,https://psychonautwiki.org/wiki/PCP,Dissociatives,,,,left_only,,
PMA,https://psychonautwiki.org/wiki/PMA,Entactogens,,,,left_only,,
PMMA,https://psychonautwiki.org/wiki/PMMA,Entactogens,,,,left_only,,
Pentedrone,https://psychonautwiki.org/wiki/Pentedrone,Stimulants,,,O=C(C(CCC)NC)C1=CC=CC=C1,both,,
Pentobarbital,https://psychonautwiki.org/wiki/Pentobarbital,Depressant,,,O=C1NC(=O)NC(=O)C1(C(C)CCC)CC,both,,
Pethidine,https://psychonautwiki.org/wiki/Pethidine,Opioids,,,O=C(C1(CCN(CC1)C)C2=CC=CC=C2)OCC,both,,
Phenethylamine (compound),https://psychonautwiki.org/wiki/Phenethylamine_(compound),,,,,left_only,,
Phenibut,https://psychonautwiki.org/wiki/Phenibut,Depressant,,,O=C(O)CC(c1ccccc1)CN,both,,
Phenobarbital,https://psychonautwiki.org/wiki/Phenobarbital,Depressant,,,O=C1NC(=O)NC(=O)C1(c2ccccc2)CC,both,,
Phenylpiracetam,https://psychonautwiki.org/wiki/Phenylpiracetam,Stimulants,Nootropic,,C1=CC=CC=C1C2CN(C(C2)=O)CC(=O)N,both,,
Piracetam,https://psychonautwiki.org/wiki/Piracetam,Nootropic,,,O=C1N(CC(=O)N)CCC1,both,,
Pramiracetam,https://psychonautwiki.org/wiki/Pramiracetam,Nootropic,,,O=C1N(CC(=O)NCCN(C(C)C)C(C)C)CCC1,both,,
Pregabalin,https://psychonautwiki.org/wiki/Pregabalin,Depressant,,,CC(C)CC(CC(=O)O)CN,both,,
Prochlorperazine,https://psychonautwiki.org/wiki/Prochlorperazine,Antipsychotic,,,Clc2cc1N(c3c(Sc1cc2)cccc3)CCCN4CCN(C)CC4,both,,
Prolintane,https://psychonautwiki.org/wiki/Prolintane,Stimulants,,,CCCC(N1CCCC1)CC2=CC=CC=C2,both,,
Propylhexedrine,https://psychonautwiki.org/wiki/Propylhexedrine,Stimulants,,,N(C(CC1CCCCC1)C)C,both,,
Psilocin,https://psychonautwiki.org/wiki/Psilocin,Psychedelics,,,CN(C)CCc1c[nH]c2cccc(O)c12,both,,
Pyrazolam,https://psychonautwiki.org/wiki/Pyrazolam,Depressant,,,CC1=NN=C2CN=C(C3=NC=CC=C3)C3=CC(Br)=CC=C3N12,both,,
Quetiapine,https://psychonautwiki.org/wiki/Quetiapine,Antipsychotic,,,N\1=C(\c3c(Sc2c/1cccc2)cccc3)N4CCN(CCOCCO)CC4,both,,
Risperidone,https://psychonautwiki.org/wiki/Risperidone,Antipsychotic,,,Cc1c(c(=O)n2c(n1)CCCC2)CCN3CCC(CC3)c4c5ccc(cc5on4)F,both,,
SAM-e,https://psychonautwiki.org/wiki/SAM-e,Nootropic,,,,left_only,,
STS-135,https://psychonautwiki.org/wiki/STS-135,Cannabinoid,,,,left_only,,
Salvinorin A,https://psychonautwiki.org/wiki/Salvinorin_A,Hallucinogens,,,O=C(OC)[C@H]2[C@@]3(CC[C@H]4C(=O)O[C@H](c1ccoc1)C[C@@]4([C@H]3C(=O)[C@@H](OC(=O)C)C2)C)C,both,,
Salvinorin B methoxymethyl ether,https://psychonautwiki.org/wiki/Salvinorin_B_methoxymethyl_ether,Hallucinogens,,,C[C@@]12CC[C@H]3C(=O)O[C@@H](C[C@@]3([C@H]1C(=O)[C@H](C[C@H]2C(=O)OC)OCOC)C)C4=COC=C4,both,,
Secobarbital,https://psychonautwiki.org/wiki/Secobarbital,Depressant,,,O=C1NC(NC(C1(CC=C)C(CCC)C)=O)=O,both,,
Sufentanil,https://psychonautwiki.org/wiki/Sufentanil,Opioids,,,O=C(N(c1ccccc1)C2(COC)CCN(CC2)CCc3sccc3)CC,both,,
THJ-018,https://psychonautwiki.org/wiki/THJ-018,Cannabinoid,,,O=C(C1=NN(CCCCC)C2=C1C=CC=C2)C3=C4C(C=CC=C4)=CC=C3,both,,
THJ-2201,https://psychonautwiki.org/wiki/THJ-2201,Cannabinoid,,,c1ccc2c(c1)cccc2C(=O)c3c4ccccc4n(n3)CCCCCF,both,,
TMA-2,https://psychonautwiki.org/wiki/TMA-2,Stimulants,Psychedelics,,,left_only,,
TMA-6,https://psychonautwiki.org/wiki/TMA-6,Stimulants,Psychedelics,,,left_only,,
Tapentadol,https://psychonautwiki.org/wiki/Tapentadol,Opioids,,,Oc1cc(ccc1)[C@@H]([C@@H](C)CN(C)C)CC,both,,
Temazepam,https://psychonautwiki.org/wiki/Temazepam,Depressant,,,CN1C2=C(C(C3=CC=CC=C3)=NC(O)C1=O)C=C(Cl)C=C2,both,,
Theacrine,https://psychonautwiki.org/wiki/Theacrine,Stimulants,Nootropic,,CN1C2=C(N(C1=O)C)N(C(=O)N(C2=O)C)C,both,,
Theanine,https://psychonautwiki.org/wiki/Theanine,Nootropic,,,CCNC(=O)CC[C@H](N)C(=O)O,both,,
Thebaine,https://psychonautwiki.org/wiki/Thebaine,,,,COC1=CC=C2[C@@H](C3)N(C)CC[C@@]24C5=C3C=CC(OC)=C5O[C@@H]14,both,,
Tramadol,https://psychonautwiki.org/wiki/Tramadol,Opioids,,,CN(C)C[C@H]1CCCC[C@@]1(C2=CC(=CC=C2)OC)O,both,,
Tryptamine (compound),https://psychonautwiki.org/wiki/Tryptamine_(compound),,,,,left_only,,
Tyrosine,https://psychonautwiki.org/wiki/Tyrosine,Stimulants,,,N[C@@H](Cc1ccc(O)cc1)C(O)=O,both,,
U-47700,https://psychonautwiki.org/wiki/U-47700,Opioids,,,ClC1=C(C=CC(=C1)C(=O)N(C)[C@@H]2CCCC[C@H]2N(C)C)Cl,both,,
Zolpidem,https://psychonautwiki.org/wiki/Zolpidem,Hallucinogens,Depressant,,CN(C)C(=O)Cc1c(nc2ccc(C)cn12)c3ccc(C)cc3,both,,
Zopiclone,https://psychonautwiki.org/wiki/Zopiclone,Hallucinogens,Depressant,,O=C(OC3c1nccnc1C(=O)N3c2ncc(Cl)cc2)N4CCN(C)CC4,both,,
AMT,https://psychonautwiki.org/wiki/%CE%91MT,Psychedelics,Entactogens,,,left_only,,
_k-2C-B,https://psychonautwiki.org/wiki/%CE%92k-2C-B,Psychedelics,,,,left_only,,
4-AcO-DiPT,https://psychonautwiki.org/wiki/4-AcO-DiPT,Psychedelics,,,,left_only,,
4-HO-DET,https://psychonautwiki.org/wiki/4-HO-DET,Psychedelics,,,CCN(CC)CCc1c[nH]c2cccc(O)c12,both,,
4-HO-DPT,https://psychonautwiki.org/wiki/4-HO-DPT,Psychedelics,,,CCCN(CCC)CCc2c[nH]c1cccc(O)c12,both,,
Serotonin,https://psychonautwiki.org/wiki/Serotonin,,,,C1=CC2=C(C=C1O)C(=CN2)CCN,both,,
Bufotenin,https://psychonautwiki.org/wiki/5-HO-DMT,Psychedelics,,,CN(C)CCc1c[nH]c2ccc(O)cc12,both,,
5-MeO-DiPT,https://psychonautwiki.org/wiki/5-MeO-DiPT,Psychedelics,,,,left_only,,
5-Hydroxytryptophan,https://psychonautwiki.org/wiki/5-HTP,Nootropic,,,O=C(O)[C@@H](N)Cc2c1cc(O)ccc1[nH]c2,both,,
Isopropylphenidate,https://psychonautwiki.org/wiki/Isopropylphenidate,Stimulants,,,C1(=CC=CC=C1)C(C(=O)OC(C)C)C2CCCCN2,both,,
"3,4-CTMP","https://psychonautwiki.org/wiki/3,4-CTMP",Stimulants,,,,left_only,,
Proscaline,https://psychonautwiki.org/wiki/Proscaline,Psychedelics,,,COc1cc(cc(OC)c1OCCC)CCN,both,,
Allylescaline,https://psychonautwiki.org/wiki/Allylescaline,Psychedelics,,,COc1cc(cc(OC)c1OCC=C)CCN,both,,
Methallylescaline,https://psychonautwiki.org/wiki/Methallylescaline,Psychedelics,,,CC(=C)COc1c(cc(cc1OC)CCN)OC,both,,
N-Ethylhexedrone,https://psychonautwiki.org/wiki/Hexen,Stimulants,,,CCCCC(NCC)C(=O)c1ccccc1,both,,
A-PHP,https://psychonautwiki.org/wiki/A-PHP,Stimulants,,,,left_only,,
MDPV,https://psychonautwiki.org/wiki/MDPV,Stimulants,Entactogens,,,left_only,,
Bromo-DragonFLY,https://psychonautwiki.org/wiki/Bromo-DragonFLY,Psychedelics,,,CC(N)Cc1c2ccoc2c(Br)c2ccoc12,both,,
PRO-LAD,https://psychonautwiki.org/wiki/PRO-LAD,Psychedelics,,,CCN(CC)C(=O)[C@@H]2C=C1c3cccc4[nH]cc(C[C@H]1N(C2)CCC)c34,both,,
MiPLA,https://psychonautwiki.org/wiki/MIPLA,Psychedelics,,,,left_only,,
ETH-LAD,https://psychonautwiki.org/wiki/ETH-LAD,Psychedelics,,,CCN(C([C@@H]1C=C2C3=CC=CC4=C3C(C[C@H]2N(CC)C1)=CN4)=O)CC,both,,
AL-LAD,https://psychonautwiki.org/wiki/AL-LAD,Psychedelics,,,[H][C@@]12Cc3c[nH]c4cccc(C1=C[C@@H](C(=O)N(CC)CC)CN2CC=C)c34,both,,
1P-ETH-LAD,https://psychonautwiki.org/wiki/1P-ETH-LAD,Psychedelics,,,CCC(=O)N1C=C2C[C@@H]3C(=C[C@H](CN3CC)C(=O)N(CC)CC)C4=C2C1=CC=C4,both,,
MET,https://psychonautwiki.org/wiki/MET,Psychedelics,,,,left_only,,
EPT,https://psychonautwiki.org/wiki/EPT,Psychedelics,,,,left_only,,
4-HO-DiPT,https://psychonautwiki.org/wiki/4-HO-DiPT,Psychedelics,,,CC(C)N(CCc1c[nH]c2cccc(O)c12)C(C)C,both,,
2C-T-21,https://psychonautwiki.org/wiki/2C-T-21,Psychedelics,,,COc1cc(SCCF)c(cc1CCN)OC,both,,
2C-T-7,https://psychonautwiki.org/wiki/2C-T-7,Psychedelics,,,COc1cc(SCCC)c(cc1CCN)OC,both,,
DOI,https://psychonautwiki.org/wiki/DOI,Psychedelics,,,,left_only,,
DOM,https://psychonautwiki.org/wiki/DOM,Psychedelics,,,,left_only,,
2-Me-DET,,,,,c1cccc2c1c(c([nH]2)C)CCN(CC)CC,both,,
25E-NBOH,,,,,CCC1=CC(=C(C=C1OC)CCNCC2=CC=CC=C2O)OC,both,,
25E-NBOMe,,,,,COC(C=CC=C1)=C1CNCCC2=C(OC)C=C(CC)C(OC)=C2,both,,
25G-NBOMe,,,,,CC1=C(C=C(C(=C1C)OC)CCNCC2=CC=CC=C2OC)OC,both,,
25H-NBOMe,,,,,COC1=CC(=C(C=C1)OC)CCNCC2=CC=CC=C2OC,both,,
25P-NBOMe,,,,,CCCC1=CC(OC)=C(CCNCC2=C(OC)C=CC=C2)C=C1OC,both,,
25iP-NBOMe,,,,,CC(C)C1=C(C=C(C(=C1)OC)CCNCC2=CC=CC=C2OC)OC,both,,
2C-G,,,,,COc1c(C)c(C)c(cc1CCN)OC,both,,
2C-TFM,,,,,FC(F)(C1=C(OC)C=C(CCN)C(OC)=C1)F,both,,
2C-iP,,,,,COC1=C(C=C(C(=C1)C(C)C)OC)CCN,both,,
3-Methylamphetamine,,,,,c1ccc(C)cc1CC(C)N,both,,
3C-P,,,,,CC(N)Cc1cc(OC)c(OCCC)c(c1)OC,both,,
4-HO-αMT,,,,,CC(N)CC1=CNC2=CC=CC(O)=C12,both,,
4-Me-αMT,,,,,CC(N)Cc2c1c([nH]c2)cccc1C,both,,
4-MeO-DMT,,,,,CN(C)CCC1=CNC2=CC=CC(OC)=C21,both,,
4-MeO-MiPT,,,,,CC(N(CCC1=CNC2=C1C(OC)=CC=C2)C)C,both,,
4-Methylamphetamine,,,,,NC(Cc1ccc(cc1)C)C,both,,
4-Methylmethylphenidate,,,,,Cc2ccc(cc2)C(C(=O)OC)C1CCCCN1,both,,
4C-B,,,,,CCC(CC1=CC(=C(C=C1OC)Br)OC)N,both,,
4C-T-2,,,,,COC1=C(CC(CC)N)C=C(OC)C(SCC)=C1,both,,
"5,6-MeO-MiPT",,,,,CC(C)N(C)CCc2c[nH]c1cc(OC)c(OC)cc12,both,,
5-Chloro-αMT,,,,,CC(Cc1c[nH]c2c1cc(cc2)Cl)N,both,,
5-Fluoro-DMT,,,,,CN(C)CCC1=CNC2=C1C=C(C=C2)F,both,,
5-IT,,,,,CC(N)Cc2cc1cc[nH]c1cc2,both,,
5-MeO-AET,,,,,CCC(N)Cc2c[nH]c1ccc(cc12)OC,both,,
5-MeO-DET,,,,,CCN(CC)CCc1c[nH]c2ccc(OC)cc12,both,,
5-MeO-DPT,,,,,CCCN(CCC)CCc2c[nH]c1ccc(cc12)OC,both,,
5-MeO-NMT,,,,,CNCCC1=CNC2=CC=C(C=C21)OC,both,,
5-MeO-aMT,,,,,N[C@@H](C)CC1=CNC(C=C2)=C1C=C2OC,both,,
5-MeO-pyr-T,,,,,O(c3ccc1c(c(c[nH]1)CCN2CCCC2)c3)C,both,,
5-MeS-DMT,,,,,CN(CCC1=CNC2=C1C=C(SC)C=C2)C,both,,
6-MeO-THH,,,,,CC1NCCC2=C1NC(C=C3)=C2C=C3OC,both,,
Allobarbital,,,,,O=C1NC(=O)NC(=O)C1(C\C=C)C\C=C,both,,
"Alpha,N-DMT",,,,,c1cccc2c1c(c[nH]2)CC(NC)C,both,,
Alphenal,,,,,O=C1NC(=O)NC(=O)C1(c2ccccc2)C\C=C,both,,
Aminorex,,,,,NC1=NCC(C2=CC=CC=C2)O1,both,,
Amobarbital,,,,,O=C1NC(=O)NC(=O)C1(CCC(C)C)CC,both,,
Aprobarbital,,,,,O=C1NC(=O)NC(=O)C1(C(C)C)C\C=C,both,,
Barbital,,,,,O=C1NC(=O)NC(=O)C1(CC)CC,both,,
Barbituric acid,,,,,O=C1NC(=O)NC(=O)C1,both,,
Benzphetamine,,,,,N(C)(Cc1ccccc1)[C@@H](C)Cc2ccccc2,both,,
Brallobarbital,,,,,O=C1NC(=O)NC(=O)C1(CC(\Br)=C)C\C=C,both,,
Buphedrone,,,,,CNC(CC)C(=O)c1ccccc1,both,,
Bupropion,,,,,O=C(C(C)NC(C)(C)C)C1=CC=CC(Cl)=C1,both,,
Butabarbital,,,,,O=C1NC(=O)NC(=O)C1(C(C)CC)CC,both,,
Butalbital,,,,,O=C1NC(=O)NC(=O)C1(CC(C)C)C\C=C,both,,
Cathine,,,,,O[C@@H](c1ccccc1)[C@@H](N)C,both,,
Cathinone,,,,,O=C(c1ccccc1)[C@@H](N)C,both,,
Clobenzorex,,,,,Clc1ccccc1CNC(C)Cc2ccccc2,both,,
Clominorex,,,,,Clc1ccc(cc1)C2O\C(=N/C2)N,both,,
DMMDA,,,,,CC(N)Cc1cc(OC)c2OCOc2c1OC,both,,
Dimethylamphetamine,,,,,CC(N(C)C)CC1=CC=CC=C1,both,,
Doxylamine,,,,,n1ccccc1C(c1ccccc1)(C)OCCN(C)C,both,,
Eutylone,,,,,CCC(C(=O)C1=CC2=C(C=C1)OCO2)NCC,both,,
Fenfluramine,,,,,FC(F)(C1=CC(CC(C)NCC)=CC=C1)F,both,,
Fenozolone,,,,,O=C1\N=C(/OC1c2ccccc2)NCC,both,,
Fluminorex,,,,,FC(F)(F)c1ccc(cc1)C2O\C(=N/C2)N,both,,
Hexobarbital,,,,,O=C1N(C(=O)NC(=O)C1(/C2=C/CCCC2)C)C,both,,
IDNNA,,,,,Ic1cc(OC)c(cc1OC)CC(N(C)C)C,both,,
Isopropylamphetamine,,,,,CC(NC(C)C)CC1=CC=CC=C1,both,,
MDPHP,,,,,CCCCC(N1CCCC1)C(=O)c2ccc3OCOc3c2,both,,
Methcathinone,,,,,O=C(c1ccccc1)C(NC)C,both,,
Muscimol,,,,,NCc1cc(no1)O,both,,
Norfenfluramine,,,,,FC(F)(F)c1cccc(c1)CC(N)C,both,,
Ortetamine,,,,,NC(C)CC1=C(C)C=CC=C1,both,,
Pemoline,,,,,O=C2\N=C(/OC2c1ccccc1)N,both,,
Pentylone,,,,,c2cc1OCOc1cc2C(=O)C(NC)CCC,both,,
Phenmetrazine,,,,,CC1C(C2=CC=CC=C2)OCCN1,both,,
Propylamphetamine,,,,,NC(C)Cc1ccccc1CCC,both,,
Propylphenidate,,,,,C1(=CC=CC=C1)C(C(=O)OCCC)C2CCCCN2,both,,
Proxibarbital,,,,,O=C1NC(=O)NC(=O)C1(CC(O)C)C\C=C,both,,
Selegiline,,,,,C#CCN([C@@H](Cc1ccccc1)C)C,both,,
Thozalinone,,,,,O=C2\N=C(/OC2c1ccccc1)N(C)C,both,,
UR-144,,,,,CCCCCN1C=C(C2=CC=CC=C21)C(=O)C3C(C3(C)C)(C)C,both,,
Xylopropamine,,,,,c1c(ccc(c1C)C)CC(N)C,both,,
Zaleplon,,,,,O=C(C)N(CC)C1=CC=CC(C2=CC=NC3=C(C=NN23)C#N)=C1,both,,
2C-T-4,,,,,CC(C)Sc1cc(OC)c(cc1OC)CCN,both,,
2C-T-8,,,,,COc2cc(SCC1CC1)c(cc2CCN)OC,both,,
2C-T-13,,,,,COc1cc(SCCOC)c(cc1CCN)OC,both,,
2C-T-15,,,,,COc2cc(SC1CC1)c(cc2CCN)OC,both,,
2C-T-16,,,,,COc1cc(SCC=C)c(OC)cc1CCN,both,,
2C-T-17,,,,,CC(CC)Sc1cc(OC)c(cc1OC)CCN,both,,
2-FA,https://psychonautwiki.org/wiki/2-FA,Stimulants,,,CC(CC1=CC=CC=C1F)N,,https://en.wikipedia.org/wiki/2-Fluoroamphetamine,
2-FEA,https://psychonautwiki.org/wiki/2-FEA,Stimulants,Entactogens,,CCNC(Cc1ccccc1F)C,,,https://isomerdesign.com/PiHKAL/explore.php?domain=si&id=2299
2-FMA,https://psychonautwiki.org/wiki/2-FMA,Stimulants,,,CC(CC1=CC=CC=C1F)NC,,https://en.wikipedia.org/wiki/2-Fluoromethamphetamine,
2M2B,https://psychonautwiki.org/wiki/2M2B,Depressant,,,CCC(C)(C)O,,https://en.wikipedia.org/wiki/Tert-Amyl_alcohol,
3-FA,https://psychonautwiki.org/wiki/3-FA,Stimulants,,,Fc1cccc(c1)CC(C)N,,https://en.wikipedia.org/wiki/3-Fluoroamphetamine,
3-FEA,https://psychonautwiki.org/wiki/3-FEA,Stimulants,Entactogens,,NCCc1cocc1,,,https://isomerdesign.com/PiHKAL/explore.php?id=10943&name=3-FEA
3-FMA,https://psychonautwiki.org/wiki/3-FMA,Stimulants,Entactogens,,FC1=CC=CC(CC(NC)C)=C1,,https://en.wikipedia.org/wiki/3-Fluoromethamphetamine,
3-FPM,https://psychonautwiki.org/wiki/3-FPM,Stimulants,,,CC1C(OCCN1)C2=CC(=CC=C2)F,,https://en.wikipedia.org/wiki/3-Fluorophenmetrazine,
3-HO-PCE,https://psychonautwiki.org/wiki/3-HO-PCE,Dissociatives,,,CCNC1(CCCCC1)c1cccc(c1)O,,,https://isomerdesign.com/PiHKAL/explore.php?id=968&name=3-HO-PCE
3-MMC,https://psychonautwiki.org/wiki/3-MMC,Stimulants,Entactogens,,CC1=CC=CC(C(C(C)NC)=O)=C1,,https://en.wikipedia.org/wiki/3-Methylmethcathinone,
3-Me-PCP,https://psychonautwiki.org/wiki/3-Me-PCP,Dissociatives,,,CC1=CC(=CC=C1)C2(CCCCC2)N3CCCCC3,,https://en.wikipedia.org/wiki/3-Methyl-PCP,
4-AcO-DET,https://psychonautwiki.org/wiki/4-AcO-DET,Psychedelics,,,CC(OC1=CC=CC2=C1C(CCN(CC)CC)=CN2)=O,,https://en.wikipedia.org/wiki/4-Acetoxy-DET,
4-AcO-DMT,https://psychonautwiki.org/wiki/4-AcO-DMT,Psychedelics,,,CC(=O)Oc2cccc1[nH]cc(CCN(C)C)c12,,https://en.wikipedia.org/wiki/O-Acetylpsilocin,
4-AcO-MET,https://psychonautwiki.org/wiki/4-AcO-MET,Psychedelics,,,CCN(C)CCc1c[nH]c2c1c(ccc2)OC(=O)C,,https://en.wikipedia.org/wiki/4-Acetoxy-MET,
4-AcO-MiPT,https://psychonautwiki.org/wiki/4-AcO-MiPT,Psychedelics,,,CC(N(CCC1=CNC2=C1C(OC(C)=O)=CC=C2)C)C,,https://en.wikipedia.org/wiki/4-Acetoxy-MiPT,
4-FA,https://psychonautwiki.org/wiki/4-FA,Stimulants,Entactogens,,Fc1ccc(cc1)CC(N)C,,https://en.wikipedia.org/wiki/4-Fluoroamphetamine,
4-FMA,https://psychonautwiki.org/wiki/4-FMA,Stimulants,Entactogens,,Fc1ccc(cc1)CC(NC)C,,https://en.wikipedia.org/wiki/4-Fluoromethamphetamine,
4F-EPH,https://psychonautwiki.org/wiki/4F-EPH,Stimulants,,,CCOC(=O)C(c1ccc(cc1)F)C1CCCCN1,,,https://isomerdesign.com/PiHKAL/explore.php?id=634&name=4F-EPH
4F-MPH,https://psychonautwiki.org/wiki/4F-MPH,Stimulants,,,FC1=CC=C(C=C1)C(C(=O)OC)C2CCCCN2,,https://en.wikipedia.org/wiki/4-Fluoromethylphenidate,
5F-AKB48,https://psychonautwiki.org/wiki/5F-AKB48,Cannabinoid,,,O=C(NC1(C[C@@H]2C3)C[C@H](C2)C[C@H]3C1)C4=NN(CCCCCF)C5=CC=CC=C54,,https://en.wikipedia.org/wiki/5F-APINACA,
A-PVP,https://psychonautwiki.org/wiki/A-PVP,Stimulants,,,CCCC(C(C1=CC=CC=C1)=O)N2CCCC2,,https://en.wikipedia.org/wiki/Alpha-Pyrrolidinopentiophenone,
APICA,https://psychonautwiki.org/wiki/APICA,Cannabinoid,,,O=P(O)(O)c(c2)ccc1c2CCC1(N)C(O)=O,,https://en.wikipedia.org/wiki/APICA_(drug),
Choline bitartrate,https://psychonautwiki.org/wiki/Choline_bitartrate,Nootropic,,,C[N+](C)(C)CCO,,https://en.wikipedia.org/wiki/Choline,
DET,https://psychonautwiki.org/wiki/DET,Psychedelics,,,CCN(CCc1c[nH]c2c1cccc2)CC,,,https://isomerdesign.com/PiHKAL/explore.php?id=5003&name=DET
DMT,https://psychonautwiki.org/wiki/DMT,Psychedelics,,,CN(CCC1=CNC2=C1C=CC=C2)C,,"https://en.wikipedia.org/wiki/N,N-Dimethyltryptamine",
DOB,https://psychonautwiki.org/wiki/DOB,Psychedelics,,,Brc1cc(OC)c(cc1OC)CC(N)C,,"https://en.wikipedia.org/wiki/2,5-Dimethoxy-4-bromoamphetamine",
DOC,https://psychonautwiki.org/wiki/DOC,Psychedelics,,,ClC1=C(OC)C=C(CC(C)N)C(OC)=C1,,"https://en.wikipedia.org/wiki/2,5-Dimethoxy-4-chloroamphetamine",
DPT,https://psychonautwiki.org/wiki/DPT,Psychedelics,,,CCCN(CCc1c[nH]c2c1cccc2)CCC,,,https://isomerdesign.com/PiHKAL/explore.php?id=5009&name=DPT
DiPT,https://psychonautwiki.org/wiki/DiPT,Psychedelics,,,CC(C)N(CCc1c[nH]c2ccccc12)C(C)C,,https://en.wikipedia.org/wiki/Diisopropyltryptamine,
ETH-CAT,https://psychonautwiki.org/wiki/ETH-CAT,Stimulants,,,O=C(c1ccccc1)C(NCC)C,,https://en.wikipedia.org/wiki/Ethcathinone,
Ephylone,https://psychonautwiki.org/wiki/Ephylone,Stimulants,Entactogens,,CCNC(CCC)C(=O)c2ccc1OCOc1c2,,https://en.wikipedia.org/wiki/N-Ethylpentylone,
Etazene,https://psychonautwiki.org/wiki/Etazene,,,,CCN(CC)CCN1C2=CC=CC=C2N=C1CC3=CC=C(C=C3)OCC,,https://en.wikipedia.org/wiki/Etodesnitazene,
F-Phenibut,https://psychonautwiki.org/wiki/F-Phenibut,Depressant,,,C1=CC(=CC=C1C(CC(=O)O)CN)F,,https://en.wikipedia.org/wiki/4-Fluorophenibut,
GBL,https://psychonautwiki.org/wiki/GBL,Depressant,,,O=C1OCCC1,,https://en.wikipedia.org/wiki/Gamma-Butyrolactone,
GHB,https://psychonautwiki.org/wiki/GHB,Depressant,,,O=C(O)CCCO,,https://en.wikipedia.org/wiki/Gamma-Hydroxybutyric_acid,
LSA,https://psychonautwiki.org/wiki/LSA,Psychedelics,,,O=C(N)[C@@H]1C=C2C3=CC=CC4=C3C(C[C@@]2([H])N(C1)C)=CN4,,https://en.wikipedia.org/wiki/Ergine,
LSD,https://psychonautwiki.org/wiki/LSD,Psychedelics,,,CCN(CC)C(=O)[C@H]1CN([C@@H]2Cc3c[nH]c4c3c(ccc4)C2=C1)C,,https://en.wikipedia.org/wiki/Lysergic_acid_diethylamide,
LSZ,https://psychonautwiki.org/wiki/LSZ,Psychedelics,,,CN1C[C@@H](C=C2[C@H]1Cc1c[nH]c3c1c2ccc3)C(=O)N1[C@@H](C)C[C@@H]1C,,,https://isomerdesign.com/PiHKAL/explore.php?id=5363&name=LSZ
MCPP,https://psychonautwiki.org/wiki/MCPP,Stimulants,,,Clc1cc(ccc1)N2CCNCC2,,https://en.wikipedia.org/wiki/Meta-Chlorophenylpiperazine,
MDA,https://psychonautwiki.org/wiki/MDA,Stimulants,Psychedelics,Entactogens,NC(C)CC1=CC2=C(C=C1)OCO2,,"https://en.wikipedia.org/wiki/3,4-Methylenedioxyamphetamine",
MDEA,https://psychonautwiki.org/wiki/MDEA,Entactogens,,,CCNC(C)Cc1ccc2OCOc2c1,,"https://en.wikipedia.org/wiki/3,4-Methylenedioxy-N-ethylamphetamine",
MPT,https://psychonautwiki.org/wiki/MPT,Psychedelics,,,CCCN(C)CCC1=CNC2=C1C=CC=C2,,https://en.wikipedia.org/wiki/Methylpropyltryptamine,
Methylnaphthidate,https://psychonautwiki.org/wiki/Methylnaphthidate,Stimulants,,,O=C(OC)[C@H](C1=CC2=C(C=C1)C=CC=C2)[C@]3([H])CCCCN3,,https://en.wikipedia.org/wiki/HDMP-28,
MiPT,https://psychonautwiki.org/wiki/MiPT,Psychedelics,,,CC(C)N(C)CCc1c[nH]c2ccccc12,,https://en.wikipedia.org/wiki/Methylisopropyltryptamine,
N-Acetylcysteine,https://psychonautwiki.org/wiki/N-Acetylcysteine,Nootropic,,,C/C(=N/[C@@H](CS)C(=O)O)/O,,https://en.wikipedia.org/wiki/Acetylcysteine,
N-Methylbisfluoromodafinil,https://psychonautwiki.org/wiki/N-Methylbisfluoromodafinil,Nootropic,,,CNC(=O)CS(=O)C(c1ccc(cc1)F)c1ccc(cc1)F,,,https://isomerdesign.com/PiHKAL/explore.php?id=2837&name=N-Methylbisfluoromodafinil
NEP,https://psychonautwiki.org/wiki/NEP,Stimulants,,,CCCC(C(=O)c1ccccc1)NCC,,,https://isomerdesign.com/PiHKAL/explore.php?id=638&name=NEP
Nitrous,https://psychonautwiki.org/wiki/Nitrous,Dissociatives,,,N#[N+][O-],,https://en.wikipedia.org/wiki/Nitrous_oxide,
O-Desmethyltramadol,https://psychonautwiki.org/wiki/O-Desmethyltramadol,Opioids,,,OC2(c1cc(O)ccc1)CCCCC2CN(C)C,,https://en.wikipedia.org/wiki/Desmetramadol,
O-PCE,https://psychonautwiki.org/wiki/O-PCE,Dissociatives,,,CCNC1(CCCCC1=O)C2=CC=CC=C2,,https://en.wikipedia.org/wiki/2-Oxo-PCE,
Omberacetam,https://psychonautwiki.org/wiki/Omberacetam,Nootropic,,,c2ccccc2CC(=O)N1CCC[C@@H]1C(=O)NCC(=O)OCC,,https://en.wikipedia.org/wiki/N-Phenylacetyl-L-prolylglycine_ethyl_ester,
PCE,https://psychonautwiki.org/wiki/PCE,Dissociatives,,,CCNC1(CCCCC1)C2=CC=CC=C2,,https://en.wikipedia.org/wiki/Eticyclidine,
PCP,https://psychonautwiki.org/wiki/PCP,Dissociatives,,,C1(C2(N3CCCCC3)CCCCC2)=CC=CC=C1,,https://en.wikipedia.org/wiki/Phencyclidine,
PMA,https://psychonautwiki.org/wiki/PMA,Entactogens,,,C1=CC(=CC=C1CC(C)N)OC,,https://en.wikipedia.org/wiki/Para-Methoxyamphetamine,
PMMA,https://psychonautwiki.org/wiki/PMMA,Entactogens,,,CC(CC1=CC=C(C=C1)OC)NC,,https://en.wikipedia.org/wiki/Para-Methoxy-N-methylamphetamine,
Phenethylamine (compound),https://psychonautwiki.org/wiki/Phenethylamine_(compound),,,,NCCc1ccccc1,,https://en.wikipedia.org/wiki/Phenethylamine,
SAM-e,https://psychonautwiki.org/wiki/SAM-e,Nootropic,,,O=C(O)C(N)CC[S+](C)C[C@H]3O[C@@H](n2cnc1c(ncnc12)N)[C@H](O)[C@@H]3O,,https://en.wikipedia.org/wiki/S-Adenosyl_methionine,
STS-135,https://psychonautwiki.org/wiki/STS-135,Cannabinoid,,,FCCCCCn1cc(c2c1cccc2)C(=O)NC12CC3CC(C2)CC(C1)C3,,https://en.wikipedia.org/wiki/STS-135_(drug),
TMA-2,https://psychonautwiki.org/wiki/TMA-2,Stimulants,Psychedelics,,COc1cc(OC)c(cc1CC(N)C)OC,,,https://isomerdesign.com/PiHKAL/explore.php?id=158&name=TMA-2
TMA-6,https://psychonautwiki.org/wiki/TMA-6,Stimulants,Psychedelics,,COc1cc(OC)cc(c1CC(N)C)OC,,,https://isomerdesign.com/PiHKAL/explore.php?id=162&name=TMA-6
Tryptamine (compound),https://psychonautwiki.org/wiki/Tryptamine_(compound),,,,c1ccc2c(c1)c(c[nH]2)CCN,,https://en.wikipedia.org/wiki/Tryptamine,
AMT,https://psychonautwiki.org/wiki/%CE%91MT,Psychedelics,Entactogens,,NC(CC1=CNC2=C1C=CC=C2)C,,https://en.wikipedia.org/wiki/Alpha-Methyltryptamine,
Bk-2C-B,https://psychonautwiki.org/wiki/%CE%92k-2C-B,Psychedelics,,,COC1=CC(C(=O)CN)=C(OC)C=C1Br,,https://en.wikipedia.org/wiki/%CE%92k-2C-B,
4-AcO-DiPT,https://psychonautwiki.org/wiki/4-AcO-DiPT,Psychedelics,,,CC(C)N(CCc1c[nH]c2c1c(ccc2)OC(=O)C)C(C)C,,https://en.wikipedia.org/wiki/4-Acetoxy-DiPT,
5-MeO-DiPT,https://psychonautwiki.org/wiki/5-MeO-DiPT,Psychedelics,,,CC(C)N(C(C)C)CCC1=C[NH]C(C=C2)=C1C=C2OC,,"https://en.wikipedia.org/wiki/5-Methoxy-N,N-diisopropyltryptamine",
"3,4-CTMP","https://psychonautwiki.org/wiki/3,4-CTMP",Stimulants,,,N2CCCCC2C(C(=O)OC)c(cc1Cl)ccc1Cl,,"https://en.wikipedia.org/wiki/3,4-Dichloromethylphenidate",
A-PHP,https://psychonautwiki.org/wiki/A-PHP,Stimulants,,,C1(=CC=CC=C1)C(C(CCCC)N2CCCC2)=O,,https://en.wikipedia.org/wiki/Alpha-Pyrrolidinohexiophenone,
MDPV,https://psychonautwiki.org/wiki/MDPV,Stimulants,Entactogens,,O=C(C(CCC)N1CCCC1)C2=CC=C3C(OCO3)=C2,,https://en.wikipedia.org/wiki/Methylenedioxypyrovalerone,
MiPLA,https://psychonautwiki.org/wiki/MIPLA,Psychedelics,,,C4N(C)C1Cc2c[nH]c(ccc3)c2c3C1=CC4C(=O)N(C)C(C)C,,https://en.wikipedia.org/wiki/Methylisopropyllysergamide,
MET,https://psychonautwiki.org/wiki/MET,Psychedelics,,,c1cccc2c1c(c[nH]2)CCN(CC)C,,https://en.wikipedia.org/wiki/N-Methyl-N-ethyltryptamine,
EPT,https://psychonautwiki.org/wiki/EPT,Psychedelics,,,CCCN(CC)CCC1=CNC2=CC=CC=C12,,https://en.wikipedia.org/wiki/Ethylpropyltryptamine,
DOI,https://psychonautwiki.org/wiki/DOI,Psychedelics,,,IC(C=C1OC)=C(OC)C=C1CC(C)N,,"https://en.wikipedia.org/wiki/2,5-Dimethoxy-4-iodoamphetamine",
DOM,https://psychonautwiki.org/wiki/DOM,Psychedelics,,,O(c1cc(c(OC)cc1C[C@H](N)C)C)C,,"https://en.wikipedia.org/wiki/2,5-Dimethoxy-4-methylamphetamine",
