name,url,class0,class1,class2,Unnamed: 5,shulgin,smiles,inchi
AEM,https://isomerdesign.com/PiHKAL/explore.php?domain=tk&id=1&name=AEM,,,,,P,CCC(N)Cc1cc(OC)c(OC)c(OC)c1,DCYONQVUAUEKAJ-UHFFFAOYSA-N
ALEPH,https://isomerdesign.com/PiHKAL/explore.php?domain=tk&id=3&name=ALEPH,,,,,P,COc1cc(SC)c(OC)cc1CC(C)N,COBYBOVXXDQRAU-UHFFFAOYSA-N
ALEPH-2,https://isomerdesign.com/PiHKAL/explore.php?domain=tk&id=4&name=ALEPH-2,,,,,P,CCSc1cc(OC)c(CC(C)N)cc1OC,MCYCODJKXUJSAT-UHFFFAOYSA-N
ALEPH-4,https://isomerdesign.com/PiHKAL/explore.php?domain=tk&id=5&name=ALEPH-4,,,,,P,COc1cc(SC(C)C)c(OC)cc1CC(C)N,BCWCXWKCQMBFBQ-UHFFFAOYSA-N
ALEPH-6,https://isomerdesign.com/PiHKAL/explore.php?domain=tk&id=6&name=ALEPH-6,,,,,P,COc1cc(Sc2ccccc2)c(OC)cc1CC(C)N,CSOTVYXYZSJOFL-UHFFFAOYSA-N
ALEPH-7,https://isomerdesign.com/PiHKAL/explore.php?domain=tk&id=7&name=ALEPH-7,,,,,P,CCCSc1cc(OC)c(CC(C)N)cc1OC,XHWDHFUBCVWXDZ-UHFFFAOYSA-N
ARIADNE,https://isomerdesign.com/PiHKAL/explore.php?domain=tk&id=8&name=ARIADNE,,,,,P,CCC(N)Cc1cc(OC)c(C)cc1OC,MLYCFWZIAJAIGW-UHFFFAOYSA-N
ASB,https://isomerdesign.com/PiHKAL/explore.php?domain=tk&id=9&name=ASB,,,,,P,CCOc1cc(CCN)cc(OC)c1OCC,VFOAVFQWZYUFQZ-UHFFFAOYSA-N
B,https://isomerdesign.com/PiHKAL/explore.php?domain=tk&id=10&name=Buscaline,,,,,P,CCCCOc1c(OC)cc(CCN)cc1OC,CHHALFOHMQNBAW-UHFFFAOYSA-N
BEATRICE,https://isomerdesign.com/PiHKAL/explore.php?domain=tk&id=11&name=BEATRICE,,,,,P,CNC(C)Cc1cc(OC)c(C)cc1OC,IWYGVDBZCSCJGT-UHFFFAOYSA-N
BIS-TOM,https://isomerdesign.com/PiHKAL/explore.php?domain=tk&id=12&name=BIS-TOM,,,,,P,CSc1cc(CC(C)N)c(SC)cc1C,XFCQINWERPNOHI-UHFFFAOYSA-N
BOB,https://isomerdesign.com/PiHKAL/explore.php?domain=tk&id=13&name=BOB,,,,,P,COc1cc(C(CN)OC)c(OC)cc1Br,FYTLQNZPDWLGNU-UHFFFAOYSA-N
BOD,https://isomerdesign.com/PiHKAL/explore.php?domain=tk&id=14&name=BOD,,,,,P,COc1cc(C(CN)OC)c(OC)cc1C,VTEIFHQUZWABDE-UHFFFAOYSA-N
BOH,https://isomerdesign.com/PiHKAL/explore.php?domain=tk&id=15&name=BOH,,,,,P,COC(CN)c1ccc2c(c1)OCO2,KUTKTMOZFCYDLZ-UHFFFAOYSA-N
BOHD,https://isomerdesign.com/PiHKAL/explore.php?domain=tk&id=16&name=BOHD,,,,,P,COc1cc(C(O)CN)c(OC)cc1C,WCURBUJUIMRCCJ-UHFFFAOYSA-N
BOM,https://isomerdesign.com/PiHKAL/explore.php?domain=tk&id=17&name=BOM,,,,,P,COc1cc(C(CN)OC)cc(OC)c1OC,GAKIJEPUVBHWCK-UHFFFAOYSA-N
"4-Br-3,5-DMA","https://isomerdesign.com/PiHKAL/explore.php?domain=tk&id=18&name=4-Br-3,5-DMA",,,,,P,COc1cc(CC(C)N)cc(OC)c1Br,FAVLJTSHWBEOMA-UHFFFAOYSA-N
"2-Br-4,5-MDA","https://isomerdesign.com/PiHKAL/explore.php?domain=tk&id=19&name=2-Br-4,5-MDA",,,,,P,CC(N)Cc1cc2c(cc1Br)OCO2,PHCFFGXVMHXBGD-UHFFFAOYSA-N
3C-BZ,https://isomerdesign.com/PiHKAL/explore.php?domain=tk&id=21&name=3C-BZ,,,,,P,COc1cc(CC(C)N)cc(OC)c1OCc1ccccc1,IQKPLBJGFPDASR-UHFFFAOYSA-N
2C-F,https://isomerdesign.com/PiHKAL/explore.php?domain=tk&id=26&name=2C-F,,,,,P,COc1cc(CCN)c(OC)cc1F,QAVFEDRVOUKIPM-UHFFFAOYSA-N
2C-G-3,https://isomerdesign.com/PiHKAL/explore.php?domain=tk&id=28&name=2C-G-3,,,,,P,COc1cc(CCN)c(OC)c2c1CCC2,DUYSKWSFDDDWQI-UHFFFAOYSA-N
2C-G-4,https://isomerdesign.com/PiHKAL/explore.php?domain=tk&id=29&name=2C-G-4,,,,,P,COc1cc(CCN)c(OC)c2c1CCCC2,LBXJFOGUUUOECQ-UHFFFAOYSA-N
2C-G-5,https://isomerdesign.com/PiHKAL/explore.php?domain=tk&id=30&name=2C-G-5,,,,,P,COc1cc(CCN)c(OC)c2c1C1CCC2C1,ASPWVWSIJQTXDB-UHFFFAOYSA-N
2C-G-N,https://isomerdesign.com/PiHKAL/explore.php?domain=tk&id=31&name=2C-G-N,,,,,P,COc1cc(CCN)c(OC)c2ccccc12,VKWQEEWEGKDTDE-UHFFFAOYSA-N
2C-N,https://isomerdesign.com/PiHKAL/explore.php?domain=tk&id=34&name=2C-N,,,,,P,COc1cc([N+](=O)[O-])c(OC)cc1CCN,ZMUSDZGRRJGRAO-UHFFFAOYSA-N
2C-O-4,https://isomerdesign.com/PiHKAL/explore.php?domain=tk&id=35&name=2C-O-4,,,,,P,COc1cc(OC(C)C)c(OC)cc1CCN,KAKXJLWAEMHHTL-UHFFFAOYSA-N
CPM,https://isomerdesign.com/PiHKAL/explore.php?domain=tk&id=37&name=CPM,,,,,P,COc1cc(CCN)cc(OC)c1OCC1CC1,LNTBHKZMYJTHTH-UHFFFAOYSA-N
2C-SE,https://isomerdesign.com/PiHKAL/explore.php?domain=tk&id=38&name=2C-SE,,,,,P,COc1cc([Se]C)c(OC)cc1CCN,CXQUHXATPUFGMC-UHFFFAOYSA-N
2C-T,https://isomerdesign.com/PiHKAL/explore.php?domain=tk&id=39&name=2C-T,,,,,P,COc1cc(SC)c(OC)cc1CCN,UPZMYCMLLQTYEM-UHFFFAOYSA-N
psi-2C-T-4,https://isomerdesign.com/PiHKAL/explore.php?domain=tk&id=42&name=%CF%88-2C-T-4,,,,,P,COc1cc(SC(C)C)cc(OC)c1CCN,UMQKLDOKCOSGCS-UHFFFAOYSA-N
2C-T-9,https://isomerdesign.com/PiHKAL/explore.php?domain=tk&id=45&name=2C-T-9,,,,,P,COc1cc(SC(C)(C)C)c(OC)cc1CCN,PSVDMTZXLJTPNX-UHFFFAOYSA-N
4-D,https://isomerdesign.com/PiHKAL/explore.php?domain=tk&id=50&name=4-D,,,,,P,[2H]C([2H])([2H])Oc1c(OC)cc(CCN)cc1OC,RHCSKNNOAZULRK-HPRDVNIFSA-N
beta-D,https://isomerdesign.com/PiHKAL/explore.php?domain=tk&id=51&name=%CE%B2-D,,,,,P,[2H]C([2H])(CN)c1cc(OC)c(OC)c(OC)c1,RHCSKNNOAZULRK-APZFVMQVSA-N
DESOXY,https://isomerdesign.com/PiHKAL/explore.php?domain=tk&id=52&name=DESOXY,,,,,P,COc1cc(CCN)cc(OC)c1C,LLHRMWHYJGLIEV-UHFFFAOYSA-N
"2,4-DMA","https://isomerdesign.com/PiHKAL/explore.php?domain=tk&id=53&name=2,4-DMA",,,,,P,COc1ccc(CC(C)N)c(OC)c1,DQWOZMUBHQPFFF-UHFFFAOYSA-N
"2,5-DMA","https://isomerdesign.com/PiHKAL/explore.php?domain=tk&id=54&name=2,5-DMA",,,,,P,COc1ccc(OC)c(CC(C)N)c1,LATVFYDIBMDBSY-UHFFFAOYSA-N
"3,4-DMA","https://isomerdesign.com/PiHKAL/explore.php?domain=tk&id=55&name=3,4-DMA",,,,,P,COc1ccc(CC(C)N)cc1OC,KAZPHAGSWZTKDW-UHFFFAOYSA-N
DMCPA,https://isomerdesign.com/PiHKAL/explore.php?domain=tk&id=56&name=DMCPA,,,,,P,COc1cc(C2CC2N)c(OC)cc1C,HYVPPECPQRBJEQ-UHFFFAOYSA-N
DME,https://isomerdesign.com/PiHKAL/explore.php?domain=tk&id=57&name=DME,,,,,P,COc1ccc(C(O)CN)cc1OC,WIUFFBGZBFVVDL-UHFFFAOYSA-N
DMMDA-2,https://isomerdesign.com/PiHKAL/explore.php?domain=tk&id=59&name=DMMDA-2,,,,,P,COc1c(CC(C)N)cc2c(c1OC)OCO2,UQXNREZPUUGSKM-UHFFFAOYSA-N
DMPEA,https://isomerdesign.com/PiHKAL/explore.php?domain=tk&id=60&name=DMPEA,,,,,P,COc1ccc(CCN)cc1OC,ANOUKFYBOAKOIR-UHFFFAOYSA-N
DOAM,https://isomerdesign.com/PiHKAL/explore.php?domain=tk&id=61&name=DOAM,,,,,P,CCCCCc1cc(OC)c(CC(C)N)cc1OC,VLJORLCVOAUUKM-UHFFFAOYSA-N
DOBU,https://isomerdesign.com/PiHKAL/explore.php?domain=tk&id=63&name=DOBU,,,,,P,CCCCc1cc(OC)c(CC(C)N)cc1OC,NGVDYAULSQKEGW-UHFFFAOYSA-N
DOEF,https://isomerdesign.com/PiHKAL/explore.php?domain=tk&id=65&name=DOEF,,,,,P,COc1cc(CC(C)N)c(OC)cc1CCF,QLENKWFQUHHBKZ-UHFFFAOYSA-N
DOET,https://isomerdesign.com/PiHKAL/explore.php?domain=tk&id=66&name=DOET,,,,,P,CCc1cc(OC)c(CC(C)N)cc1OC,HXJKWPGVENNMCC-UHFFFAOYSA-N
psi-DOM,https://isomerdesign.com/PiHKAL/explore.php?domain=tk&id=69&name=%CF%88-DOM,,,,,P,COc1cc(C)cc(OC)c1CC(C)N,CFFJUEYUTHKVMQ-UHFFFAOYSA-N
DON,https://isomerdesign.com/PiHKAL/explore.php?domain=tk&id=70&name=DON,,,,,P,COc1cc([N+](=O)[O-])c(OC)cc1CC(C)N,JQJRESSXOVAECC-UHFFFAOYSA-N
DOPR,https://isomerdesign.com/PiHKAL/explore.php?domain=tk&id=71&name=DOPR,,,,,P,CCCc1cc(OC)c(CC(C)N)cc1OC,UEEAUFJYLUJWQJ-UHFFFAOYSA-N
EEE,https://isomerdesign.com/PiHKAL/explore.php?domain=tk&id=73&name=EEE,,,,,P,CCOc1cc(OCC)c(OCC)cc1CC(C)N,PVOHHXSVHWUAMS-UHFFFAOYSA-N
EEM,https://isomerdesign.com/PiHKAL/explore.php?domain=tk&id=74&name=EEM,,,,,P,CCOc1cc(OCC)c(OC)cc1CC(C)N,SAFDWWQYGOOGMX-UHFFFAOYSA-N
EME,https://isomerdesign.com/PiHKAL/explore.php?domain=tk&id=3859&name=EME,,,,,P,COC(=O)[C@@H]1C2CCC(C[C@@H]1O)N2C,QIQNNBXHAYSQRY-ABIFROTESA-N
EMM,https://isomerdesign.com/PiHKAL/explore.php?domain=tk&id=76&name=EMM,,,,,P,CCOc1cc(OC)c(OC)cc1CC(C)N,SKRNTJDDBVAEGB-UHFFFAOYSA-N
ETHYL-J,https://isomerdesign.com/PiHKAL/explore.php?domain=tk&id=77&name=ETHYL-J,,,,,P,CCNC(CC)Cc1ccc2c(c1)OCO2,IYZPKSQJPVUWRO-UHFFFAOYSA-N
ETHYL-K,https://isomerdesign.com/PiHKAL/explore.php?domain=tk&id=78&name=ETHYL-K,,,,,P,CCCC(Cc1ccc2c(c1)OCO2)NCC,YIJZJPAWMJJXQD-UHFFFAOYSA-N
F-2,https://isomerdesign.com/PiHKAL/explore.php?domain=tk&id=79&name=F-2,,,,,P,COc1cc2c(cc1CC(C)N)OC(C)C2,XBHKBTCXRYPZMX-UHFFFAOYSA-N
F-22,https://isomerdesign.com/PiHKAL/explore.php?domain=tk&id=80&name=F-22,,,,,P,COc1cc2c(cc1CC(C)N)OC(C)(C)C2,ZUGGTXPIKSRFHP-UHFFFAOYSA-N
FLEA,https://isomerdesign.com/PiHKAL/explore.php?domain=tk&id=81&name=FLEA,,,,,P,CC(Cc1ccc2c(c1)OCO2)N(C)O,ORADFQZOLNHWRQ-UHFFFAOYSA-N
G-3,https://isomerdesign.com/PiHKAL/explore.php?domain=tk&id=82&name=G-3,,,,,P,COc1cc(CC(C)N)c(OC)c2c1CCC2,GLFZOKOHBIKEKN-UHFFFAOYSA-N
G-4,https://isomerdesign.com/PiHKAL/explore.php?domain=tk&id=83&name=G-4,,,,,P,COc1cc(CC(C)N)c(OC)c2c1CCCC2,SEIUSMPGGATKFD-UHFFFAOYSA-N
G-5,https://isomerdesign.com/PiHKAL/explore.php?domain=tk&id=84&name=G-5,,,,,P,COc1cc(CC(C)N)c(OC)c2c1C1CCC2C1,MZFVFTFFHRCTIO-UHFFFAOYSA-N
GANESHA,https://isomerdesign.com/PiHKAL/explore.php?domain=tk&id=85&name=GANESHA,,,,,P,COc1cc(CC(C)N)c(OC)c(C)c1C,RBZXVDSILZXPDM-UHFFFAOYSA-N
G-N,https://isomerdesign.com/PiHKAL/explore.php?domain=tk&id=86&name=G-N,,,,,P,COc1cc(CC(C)N)c(OC)c2ccccc12,KWKDBIVLRQTMKR-UHFFFAOYSA-N
HOT-2,https://isomerdesign.com/PiHKAL/explore.php?domain=tk&id=87&name=HOT-2,,,,,P,CCSc1cc(OC)c(CCNO)cc1OC,XGFJCRNRWOXGQM-UHFFFAOYSA-N
HOT-7,https://isomerdesign.com/PiHKAL/explore.php?domain=tk&id=88&name=HOT-7,,,,,P,CCCSc1cc(OC)c(CCNO)cc1OC,ASTNLROMDNGJLS-UHFFFAOYSA-N
HOT-17,https://isomerdesign.com/PiHKAL/explore.php?domain=tk&id=89&name=HOT-17,,,,,P,CCC(C)Sc1cc(OC)c(CCNO)cc1OC,BUKIXGXYEUJJHQ-UHFFFAOYSA-N
IM,https://isomerdesign.com/PiHKAL/explore.php?domain=tk&id=91&name=IM,,,,,P,COc1ccc(CCN)c(OC)c1OC,PVLFQRLVSMMSQK-UHFFFAOYSA-N
IP,https://isomerdesign.com/PiHKAL/explore.php?domain=tk&id=92&name=IP,,,,,P,COc1cc(CCN)cc(OC)c1OC(C)C,UBNHYNYMUORHAM-UHFFFAOYSA-N
IRIS,https://isomerdesign.com/PiHKAL/explore.php?domain=tk&id=93&name=IRIS,,,,,P,CCOc1cc(CC(C)N)c(OC)cc1C,IPJRCKIREPMKNE-UHFFFAOYSA-N
J,"https://isomerdesign.com/PiHKAL/explore.php?domain=tk&id=94&name=%CE%B1-Ethyl-3,4-methylenedioxyphenethylamine",,,,,P,CCC(N)Cc1ccc2c(c1)OCO2,VHMRXGAIDDCGDU-UHFFFAOYSA-N
LOPHOPHINE,https://isomerdesign.com/PiHKAL/explore.php?domain=tk&id=95&name=LOPHOPHINE,,,,,P,COc1cc(CCN)cc2c1OCO2,ORXQUAPZHKCCAX-UHFFFAOYSA-N
MADAM-6,https://isomerdesign.com/PiHKAL/explore.php?domain=tk&id=98&name=MADAM-6,,,,,P,CNC(C)Cc1cc2c(cc1C)OCO2,CRQPDNIUPWXPNK-UHFFFAOYSA-N
MAL,https://isomerdesign.com/PiHKAL/explore.php?domain=tk&id=99&name=MAL,,,,,P,C=C(C)COc1c(OC)cc(CCN)cc1OC,FOXJFBFFGULACD-UHFFFAOYSA-N
MDAL,https://isomerdesign.com/PiHKAL/explore.php?domain=tk&id=101&name=MDAL,,,,,P,C=CCNC(C)Cc1ccc2c(c1)OCO2,BMKCDDFQEGYEJC-UHFFFAOYSA-N
MDBU,https://isomerdesign.com/PiHKAL/explore.php?domain=tk&id=102&name=MDBU,,,,,P,CCCCNC(C)Cc1ccc2c(c1)OCO2,RDXVRDCQDITVDV-UHFFFAOYSA-N
MDBZ,https://isomerdesign.com/PiHKAL/explore.php?domain=tk&id=103&name=MDBZ,,,,,P,CC(Cc1ccc2c(c1)OCO2)NCc1ccccc1,DWLUHTUYTBWOLO-UHFFFAOYSA-N
MDCPM,https://isomerdesign.com/PiHKAL/explore.php?domain=tk&id=104&name=MDCPM,,,,,P,CC(Cc1ccc2c(c1)OCO2)NCC1CC1,AEIQNPMGFQNZNV-UHFFFAOYSA-N
MDDM,https://isomerdesign.com/PiHKAL/explore.php?domain=tk&id=105&name=MDDM,,,,,P,CC(Cc1ccc2c(c1)OCO2)N(C)C,JEJGUIDNYBAPGN-UHFFFAOYSA-N
MDHOET,https://isomerdesign.com/PiHKAL/explore.php?domain=tk&id=107&name=MDHOET,,,,,P,CC(Cc1ccc2c(c1)OCO2)NCCO,SCUUYKMQDUDNBP-UHFFFAOYSA-N
MDIP,https://isomerdesign.com/PiHKAL/explore.php?domain=tk&id=108&name=MDIP,,,,,P,CC(C)NC(C)Cc1ccc2c(c1)OCO2,XKEVWMVUIDDRMC-UHFFFAOYSA-N
MDMC,https://isomerdesign.com/PiHKAL/explore.php?domain=tk&id=110&name=MDMC,,,,,P,CNC(C)Cc1ccc2c(c1)OCCO2,UJKWLAZYSLJTKA-UHFFFAOYSA-N
MDMEO,https://isomerdesign.com/PiHKAL/explore.php?domain=tk&id=111&name=MDMEO,,,,,P,CONC(C)Cc1ccc2c(c1)OCO2,MTIKJUJMCMDSGM-UHFFFAOYSA-N
MDMEOET,https://isomerdesign.com/PiHKAL/explore.php?domain=tk&id=112&name=MDMEOET,,,,,P,COCCNC(C)Cc1ccc2c(c1)OCO2,LOZJEWOZOKSOKA-UHFFFAOYSA-N
MDMP,https://isomerdesign.com/PiHKAL/explore.php?domain=tk&id=113&name=MDMP,,,,,P,CNC(C)(C)Cc1ccc2c(c1)OCO2,CRFWCCGPRXKZSM-UHFFFAOYSA-N
MDOH,https://isomerdesign.com/PiHKAL/explore.php?domain=tk&id=114&name=MDOH,,,,,P,CC(Cc1ccc2c(c1)OCO2)NO,FNDCTJYFKOQGTL-UHFFFAOYSA-N
MDPEA,https://isomerdesign.com/PiHKAL/explore.php?domain=tk&id=115&name=MDPEA,,,,,P,NCCc1ccc2c(c1)OCO2,RRIRDPSOCUCGBV-UHFFFAOYSA-N
MDPH,https://isomerdesign.com/PiHKAL/explore.php?domain=tk&id=116&name=MDPH,,,,,P,CC(C)(N)Cc1ccc2c(c1)OCO2,OIZBHKBNZXRXSM-UHFFFAOYSA-N
MDPL,https://isomerdesign.com/PiHKAL/explore.php?domain=tk&id=117&name=MDPL,,,,,P,C#CCNC(C)Cc1ccc2c(c1)OCO2,LRYUTPIBTLEDJJ-UHFFFAOYSA-N
MDPR,https://isomerdesign.com/PiHKAL/explore.php?domain=tk&id=118&name=MDPR,,,,,P,CCCNC(C)Cc1ccc2c(c1)OCO2,LBXMQBTXOLBCCA-UHFFFAOYSA-N
ME,https://isomerdesign.com/PiHKAL/explore.php?domain=tk&id=119&name=ME,,,,,P,CCOc1cc(CCN)cc(OC)c1OC,HNBAVLIQFTYMAX-UHFFFAOYSA-N
MEDA,https://isomerdesign.com/PiHKAL/explore.php?domain=tk&id=120&name=MEDA,,,,,P,COc1cc(CC(C)N)cc2c1OCCO2,HEYPARQBPGSFKW-UHFFFAOYSA-N
MEE,https://isomerdesign.com/PiHKAL/explore.php?domain=tk&id=121&name=MEE,,,,,P,CCOc1cc(CC(C)N)c(OC)cc1OCC,LKJRFMXILZHUHU-UHFFFAOYSA-N
MEPEA,https://isomerdesign.com/PiHKAL/explore.php?domain=tk&id=123&name=MEPEA,,,,,P,CCOc1ccc(CCN)cc1OC,AFMUTJRFLRYILG-UHFFFAOYSA-N
META-DOB,https://isomerdesign.com/PiHKAL/explore.php?domain=tk&id=124&name=META-DOB,,,,,P,COc1cc(OC)c(CC(C)N)cc1Br,YFSLPSITQIUFQK-UHFFFAOYSA-N
META-DOT,https://isomerdesign.com/PiHKAL/explore.php?domain=tk&id=125&name=META-DOT,,,,,P,COc1cc(OC)c(SC)cc1CC(C)N,BEMIKIUJWHLJTP-UHFFFAOYSA-N
METHYL-DMA,https://isomerdesign.com/PiHKAL/explore.php?domain=tk&id=126&name=METHYL-DMA,,,,,P,CNC(C)Cc1cc(OC)ccc1OC,RSDBPMOXIPCTPN-UHFFFAOYSA-N
METHYL-DOB,https://isomerdesign.com/PiHKAL/explore.php?domain=tk&id=127&name=METHYL-DOB,,,,,P,CNC(C)Cc1cc(OC)c(Br)cc1OC,GURVSGCCXMIFMQ-UHFFFAOYSA-N
METHYL-J,https://isomerdesign.com/PiHKAL/explore.php?domain=tk&id=128&name=METHYL-J,,,,,P,CCC(Cc1ccc2c(c1)OCO2)NC,USWVWJSAJAEEHQ-UHFFFAOYSA-N
METHYL-K,https://isomerdesign.com/PiHKAL/explore.php?domain=tk&id=129&name=METHYL-K,,,,,P,CCCC(Cc1ccc2c(c1)OCO2)NC,PZVRSDBLMSXDCX-UHFFFAOYSA-N
METHYL-MMDA-2,https://isomerdesign.com/PiHKAL/explore.php?domain=tk&id=131&name=METHYL-MMDA-2,,,,,P,CNC(C)Cc1cc2c(cc1OC)OCO2,GBUNHVOIGFKQDT-UHFFFAOYSA-N
MMDA,https://isomerdesign.com/PiHKAL/explore.php?domain=tk&id=132&name=MMDA,,,,,P,COc1cc(CC(C)N)cc2c1OCO2,YQYUWUKDEVZFDB-UHFFFAOYSA-N
MMDA-2,https://isomerdesign.com/PiHKAL/explore.php?domain=tk&id=133&name=MMDA-2,,,,,P,COc1cc2c(cc1CC(C)N)OCO2,GPVJAXJRAZVITB-UHFFFAOYSA-N
MMDA-3a,https://isomerdesign.com/PiHKAL/explore.php?domain=tk&id=134&name=MMDA-3a,,,,,P,COc1c(CC(C)N)ccc2c1OCO2,OSJXZWMDUMAITM-UHFFFAOYSA-N
MMDA-3b,https://isomerdesign.com/PiHKAL/explore.php?domain=tk&id=135&name=MMDA-3b,,,,,P,COc1ccc(CC(C)N)c2c1OCO2,CLRZDDLQTLKYFH-UHFFFAOYSA-N
MME,https://isomerdesign.com/PiHKAL/explore.php?domain=tk&id=136&name=MME,,,,,P,CCOc1cc(CC(C)N)c(OC)cc1OC,NAMNXRTWJMASNT-UHFFFAOYSA-N
MP,https://isomerdesign.com/PiHKAL/explore.php?domain=tk&id=137&name=MP,,,,,P,CCCOc1cc(CCN)cc(OC)c1OC,LRMHEQAATQTVRI-UHFFFAOYSA-N
MPM,https://isomerdesign.com/PiHKAL/explore.php?domain=tk&id=138&name=MPM,,,,,P,CCCOc1cc(OC)c(CC(C)N)cc1OC,YORRDSMCIGRARV-UHFFFAOYSA-N
MEM,https://isomerdesign.com/PiHKAL/explore.php?domain=tk&id=122&name=MEM,,,,,P,CCOc1cc(OC)c(CC(C)N)cc1OC,ITZLAXJQDMGDEO-UHFFFAOYSA-N
Proscaline,https://isomerdesign.com/PiHKAL/explore.php?domain=tk&id=140&name=Proscaline,,,,,P,CCCOc1c(OC)cc(cc1OC)CCN,HYWLMSUAZVDUFW-UHFFFAOYSA-N
ORTHO-DOT,https://isomerdesign.com/PiHKAL/explore.php?domain=tk&id=139&name=ORTHO-DOT,,,,,P,COc1cc(CC(C)N)c(SC)cc1OC,GQUWSNDODZTHKC-UHFFFAOYSA-N
PE,https://isomerdesign.com/PiHKAL/explore.php?domain=tk&id=141&name=PE,,,,,P,COc1cc(CCN)cc(OC)c1OCCc1ccccc1,FKXBCTFKCKEDNI-UHFFFAOYSA-N
PROPYNYL,https://isomerdesign.com/PiHKAL/explore.php?domain=tk&id=143&name=PROPYNYL,,,,,P,C#CCOc1c(OC)cc(CCN)cc1OC,KNIWBMMJSJHUJB-UHFFFAOYSA-N
SB,https://isomerdesign.com/PiHKAL/explore.php?domain=tk&id=144&name=SB,,,,,P,CCOc1cc(CCN)cc(OCC)c1OC,ROKMKYBLAPLLER-UHFFFAOYSA-N
TA,https://isomerdesign.com/PiHKAL/explore.php?domain=tk&id=145&name=TA,,,,,P,COc1cc(CC(C)N)c(OC)c(OC)c1OC,WVNJEHORYAZBRZ-UHFFFAOYSA-N
3-TASB,https://isomerdesign.com/PiHKAL/explore.php?domain=tk&id=146&name=3-TASB,,,,,P,CCOc1c(OC)cc(CCN)cc1SCC,LIOWJFZFWZIZBL-UHFFFAOYSA-N
4-TASB,https://isomerdesign.com/PiHKAL/explore.php?domain=tk&id=147&name=4-TASB,,,,,P,CCOc1cc(CCN)cc(OC)c1SCC,IUZSEPUWBBUJME-UHFFFAOYSA-N
5-TASB,https://isomerdesign.com/PiHKAL/explore.php?domain=tk&id=148&name=5-TASB,,,,,P,CCOc1cc(CCN)cc(SC)c1OCC,WEGXTQPSIDDJRM-UHFFFAOYSA-N
TB,https://isomerdesign.com/PiHKAL/explore.php?domain=tk&id=149&name=TB,,,,,P,CCCCSc1c(OC)cc(CCN)cc1OC,CPNWMHCBHUXITO-UHFFFAOYSA-N
3-TE,https://isomerdesign.com/PiHKAL/explore.php?domain=tk&id=150&name=3-TE,,,,,P,CCOc1c(OC)cc(CCN)cc1SC,LRYPRFGBZRIFIX-UHFFFAOYSA-N
4-TE,https://isomerdesign.com/PiHKAL/explore.php?domain=tk&id=151&name=4-TE,,,,,P,CCSc1c(OC)cc(CCN)cc1OC,JUZZKKJLOWQNPC-UHFFFAOYSA-N
2-TIM,https://isomerdesign.com/PiHKAL/explore.php?domain=tk&id=152&name=2-TIM,,,,,P,COc1ccc(CCN)c(SC)c1OC,NJNFCDQQEIAOIF-UHFFFAOYSA-N
3-TIM,https://isomerdesign.com/PiHKAL/explore.php?domain=tk&id=153&name=3-TIM,,,,,P,COc1ccc(CCN)c(OC)c1SC,LEELWLKZRKDMAS-UHFFFAOYSA-N
4-TIM,https://isomerdesign.com/PiHKAL/explore.php?domain=tk&id=154&name=4-TIM,,,,,P,COc1c(CCN)ccc(SC)c1OC,RLGNNNSZZAWLAY-UHFFFAOYSA-N
3-TM,https://isomerdesign.com/PiHKAL/explore.php?domain=tk&id=155&name=3-TM,,,,,P,COc1cc(CCN)cc(SC)c1OC,MASUNTXHOBXSNG-UHFFFAOYSA-N
4-TM,https://isomerdesign.com/PiHKAL/explore.php?domain=tk&id=156&name=4-TM,,,,,P,COc1cc(CCN)cc(OC)c1SC,FYTOAZIRBXNPKZ-UHFFFAOYSA-N
TMA,https://isomerdesign.com/PiHKAL/explore.php?domain=tk&id=157&name=TMA,,,,,P,COc1cc(CC(C)N)cc(OC)c1OC,WGTASENVNYJZBK-UHFFFAOYSA-N
TMA-3,https://isomerdesign.com/PiHKAL/explore.php?domain=tk&id=159&name=TMA-3,,,,,P,COc1ccc(CC(C)N)c(OC)c1OC,LWDQPPLPHGXYLG-UHFFFAOYSA-N
TMA-4,https://isomerdesign.com/PiHKAL/explore.php?domain=tk&id=160&name=TMA-4,,,,,P,COc1cc(CC(C)N)c(OC)c(OC)c1,MJIBJXKJBRLSQA-UHFFFAOYSA-N
TMA-5,https://isomerdesign.com/PiHKAL/explore.php?domain=tk&id=161&name=TMA-5,,,,,P,COc1ccc(OC)c(OC)c1CC(C)N,OASZJWLOOFXASO-UHFFFAOYSA-N
3-TME,https://isomerdesign.com/PiHKAL/explore.php?domain=tk&id=163&name=3-TME,,,,,P,CCSc1cc(CCN)cc(OC)c1OC,WHUXWWJFRBXUOQ-UHFFFAOYSA-N
4-TME,https://isomerdesign.com/PiHKAL/explore.php?domain=tk&id=164&name=4-TME,,,,,P,CCOc1cc(CCN)cc(OC)c1SC,ACLYMWAQSAEILP-UHFFFAOYSA-N
5-TME,https://isomerdesign.com/PiHKAL/explore.php?domain=tk&id=165&name=5-TME,,,,,P,CCOc1cc(CCN)cc(SC)c1OC,BRABKKMYSDDDCR-UHFFFAOYSA-N
2T-MMDA-3a,https://isomerdesign.com/PiHKAL/explore.php?domain=tk&id=166&name=2T-MMDA-3a,,,,,P,CSc1c(CC(C)N)ccc2c1OCO2,NMNCXGKWTVPITN-UHFFFAOYSA-N
4T-MMDA-2,https://isomerdesign.com/PiHKAL/explore.php?domain=tk&id=167&name=4T-MMDA-2,,,,,P,COc1cc2c(cc1CC(C)N)OCS2,NCUQXFZYILOELC-UHFFFAOYSA-N
TMPEA,https://isomerdesign.com/PiHKAL/explore.php?domain=tk&id=168&name=TMPEA,,,,,P,COc1cc(OC)c(OC)cc1CCN,GKATTZLSNLYADI-UHFFFAOYSA-N
2-TOET,https://isomerdesign.com/PiHKAL/explore.php?domain=tk&id=169&name=2-TOET,,,,,P,CCc1cc(SC)c(CC(C)N)cc1OC,TZIBUOSWJBKVTA-UHFFFAOYSA-N
5-TOET,https://isomerdesign.com/PiHKAL/explore.php?domain=tk&id=170&name=5-TOET,,,,,P,CCc1cc(OC)c(CC(C)N)cc1SC,CBSUPAQTEZIWSK-UHFFFAOYSA-N
2-TOM,https://isomerdesign.com/PiHKAL/explore.php?domain=tk&id=171&name=2-TOM,,,,,P,COc1cc(CC(C)N)c(SC)cc1C,CROYZNIEESCKGY-UHFFFAOYSA-N
5-TOM,https://isomerdesign.com/PiHKAL/explore.php?domain=tk&id=172&name=5-TOM,,,,,P,COc1cc(C)c(SC)cc1CC(C)N,DPPFTYBYPWHNRM-UHFFFAOYSA-N
TOMSO,https://isomerdesign.com/PiHKAL/explore.php?domain=tk&id=173&name=TOMSO,,,,,P,COc1cc(C)c(S(C)=O)cc1CC(C)N,LMQLBXOYCGXTOM-UHFFFAOYSA-N
TP,https://isomerdesign.com/PiHKAL/explore.php?domain=tk&id=174&name=TP,,,,,P,CCCSc1c(OC)cc(CCN)cc1OC,BQFDSMXQCJFKCH-UHFFFAOYSA-N
TRIS,https://isomerdesign.com/PiHKAL/explore.php?domain=tk&id=175&name=TRIS,,,,,P,CCOc1cc(CCN)cc(OCC)c1OCC,ZIZQSXJSBRQJEB-UHFFFAOYSA-N
3-TSB,https://isomerdesign.com/PiHKAL/explore.php?domain=tk&id=176&name=3-TSB,,,,,P,CCOc1cc(CCN)cc(SCC)c1OC,BTJFGKUKBHSKHI-UHFFFAOYSA-N
4-TSB,https://isomerdesign.com/PiHKAL/explore.php?domain=tk&id=177&name=4-TSB,,,,,P,CCOc1cc(CCN)cc(OCC)c1SC,OMJVPFLTCMALSV-UHFFFAOYSA-N
3-T-TRIS,https://isomerdesign.com/PiHKAL/explore.php?domain=tk&id=178&name=3-T-TRIS,,,,,P,CCOc1cc(CCN)cc(SCC)c1OCC,JSWFZFXPKROBKR-UHFFFAOYSA-N
4-T-TRIS,https://isomerdesign.com/PiHKAL/explore.php?domain=tk&id=179&name=4-T-TRIS,,,,,P,CCOc1cc(CCN)cc(OCC)c1SCC,VFCYKJRATPCSED-UHFFFAOYSA-N
"alpha,N,O-TMS","https://isomerdesign.com/PiHKAL/explore.php?domain=tk&id=5055&name=%CE%B1,N,O-TMS",,,,,T,CNC(C)Cc1c[nH]c2ccc(OC)cc12,IYEMYZOLBLHKFE-UHFFFAOYSA-N
Tetrahydroharmine,https://isomerdesign.com/PiHKAL/explore.php?domain=tk&id=5054&name=Tetrahydroharmine,,,,,T,COc1ccc2c3c([nH]c2c1)C(C)NCC3,ZXLDQJLIBNPEFJ-UHFFFAOYSA-N
pyr-T,https://isomerdesign.com/PiHKAL/explore.php?domain=tk&id=5052&name=pyr-T,,,,,T,c1ccc2c(CCN3CCCC3)c[nH]c2c1,CVTZCBLFHNGYDQ-UHFFFAOYSA-N
NMT,https://isomerdesign.com/PiHKAL/explore.php?domain=tk&id=5050&name=NMT,,,,,T,CNCCc1c[nH]c2ccccc12,NCIKQJBVUNUXLW-UHFFFAOYSA-N
NET,https://isomerdesign.com/PiHKAL/explore.php?domain=tk&id=5049&name=NET,,,,,T,CCNCCc1c[nH]c2ccccc12,TZWUSTVNAVKAPA-UHFFFAOYSA-N
5-MeO-TMT,https://isomerdesign.com/PiHKAL/explore.php?domain=tk&id=5045&name=5-MeO-TMT,,,,,T,COc1ccc2[nH]c(C)c(CCN(C)C)c2c1,ACEHBQPPDDGCGZ-UHFFFAOYSA-N
2-Me-DMT,https://isomerdesign.com/PiHKAL/explore.php?domain=tk&id=5034&name=2-Me-DMT,,,,,T,Cc1[nH]c2ccccc2c1CCN(C)C,NDGCOWDSLVNLGE-UHFFFAOYSA-N
"5,6-MDO-MiPT","https://isomerdesign.com/PiHKAL/explore.php?domain=tk&id=5032&name=5,6-MDO-MIPT",,,,,T,CC(C)N(C)CCc1c[nH]c2cc3c(cc12)OCO3,OZKGXOZBACDFIQ-UHFFFAOYSA-N
"5,6-MDO-DMT","https://isomerdesign.com/PiHKAL/explore.php?domain=tk&id=5031&name=5,6-MDO-DMT",,,,,T,CN(C)CCc1c[nH]c2cc3c(cc12)OCO3,QHEIGHVZMWJQHB-UHFFFAOYSA-N
"4,5-MDO-DMT","https://isomerdesign.com/PiHKAL/explore.php?domain=tk&id=5030&name=4,5-MDO-DMT",,,,,T,CN(C)CCc1c[nH]c2ccc3c(c12)OCO3,ZMKRWFZFMOKVCP-UHFFFAOYSA-N
"5,6-MDO-DiPT","https://isomerdesign.com/PiHKAL/explore.php?domain=tk&id=5029&name=5,6-MDO-DIPT",,,,,T,CC(C)N(CCc1c[nH]c2cc3c(cc12)OCO3)C(C)C,MAICYUOZXYUWMJ-UHFFFAOYSA-N
"4,5-MDO-DiPT","https://isomerdesign.com/PiHKAL/explore.php?domain=tk&id=5028&name=4,5-MDO-DIPT",,,,,T,CC(C)N(CCc1c[nH]c2ccc3c(c12)OCO3)C(C)C,PTYYWSKZYOSFEK-UHFFFAOYSA-N
MBT,https://isomerdesign.com/PiHKAL/explore.php?domain=tk&id=5027&name=MBT,,,,,T,CCCCN(C)CCc1c[nH]c2ccccc12,PUEYINPKMCBJCA-UHFFFAOYSA-N
4-HO-pyr-T,https://isomerdesign.com/PiHKAL/explore.php?domain=tk&id=5024&name=4-HO-pyr-T,,,,,T,Oc1cccc2[nH]cc(CCN3CCCC3)c12,XASLPZWIPBCAPF-UHFFFAOYSA-N
4-HO-DBT,https://isomerdesign.com/PiHKAL/explore.php?domain=tk&id=5015&name=4-HO-DBT,,,,,T,CCCCN(CCCC)CCc1c[nH]c2cccc(O)c12,BDOJPNJIBDXWQQ-UHFFFAOYSA-N
Harmine,https://isomerdesign.com/PiHKAL/explore.php?domain=tk&id=5014&name=Harmine,,,,,T,COc1ccc2c(c1)[nH]c1c(C)nccc12,BXNJHAXVSOCGBA-UHFFFAOYSA-N
Harmaline,https://isomerdesign.com/PiHKAL/explore.php?domain=tk&id=5013&name=Harmaline,,,,,T,COc1ccc2c3c([nH]c2c1)C(C)=NCC3,RERZNCLIYCABFS-UHFFFAOYSA-N
alpha-ET,https://isomerdesign.com/PiHKAL/explore.php?domain=tk&id=5011&name=%CE%B1-ET,,,,,T,CCC(N)Cc1c[nH]c2ccccc12,ZXUMUPVQYAFTLF-UHFFFAOYSA-N
EIPT,https://isomerdesign.com/PiHKAL/explore.php?domain=tk&id=5010&name=EIPT,,,,,T,CCN(CCc1c[nH]c2ccccc12)C(C)C,HQZLBYMOYCJZRF-UHFFFAOYSA-N
DBT,https://isomerdesign.com/PiHKAL/explore.php?domain=tk&id=5002&name=DBT,,,,,T,CCCCN(CCCC)CCc1c[nH]c2ccccc12,LZLJUZWFWYEQLY-UHFFFAOYSA-N
"alpha,O-DMS","https://isomerdesign.com/PiHKAL/explore.php?domain=tk&id=5005&name=%CE%B1,O-DMS",,,,,T,COc1ccc2[nH]cc(CC(C)N)c2c1,OGNJZVNNKBZFRM-UHFFFAOYSA-N
"2,alpha-DMT","https://isomerdesign.com/PiHKAL/explore.php?domain=tk&id=5007&name=2,%CE%B1-DMT",,,,,T,Cc1[nH]c2ccccc2c1CC(C)N,AXZQFXRPULJFQK-UHFFFAOYSA-N
"1,4-Butanediol","https://psychonautwiki.org/wiki/1,4-Butanediol",Depressant,,,,,OCCCCO,WERYXYBDKMZEQL-UHFFFAOYSA-N
1B-LSD,https://psychonautwiki.org/wiki/1B-LSD,Psychedelics,,,,,CCCC(=O)n1cc2c3c(cccc31)C1=C[C@@H](C(=O)N(CC)CC)CN(C)[C@@H]1C2,SVRFNPSJPIDUBC-DYESRHJHSA-N
1P-LSD,https://psychonautwiki.org/wiki/1P-LSD,Psychedelics,,,,,CCC(=O)n1cc2c3c(cccc31)C1=C[C@@H](C(=O)N(CC)CC)CN(C)[C@@H]1C2,JSMQOVGXBIDBIE-OXQOHEQNSA-N
1cP-LSD,https://psychonautwiki.org/wiki/1cP-LSD,Psychedelics,,,,,CCN(CC)C(=O)[C@@H]1C=C2c3cccc4c3c(cn4C(=O)C3CC3)C[C@H]2N(C)C1,RAFUPYYDHPFASC-DYESRHJHSA-N
2-Aminoindane,https://psychonautwiki.org/wiki/2-Aminoindane,Stimulants,,,,,NC1Cc2ccccc2C1,LMHHFZAXSANGGM-UHFFFAOYSA-N
2-FA,https://psychonautwiki.org/wiki/2-FA,Stimulants,,,,,CC(N)Cc1ccccc1F,GDSXNLDTQFFIEU-UHFFFAOYSA-N
2-FEA,https://psychonautwiki.org/wiki/2-FEA,Stimulants,Entactogens,,,,CCNC(C)Cc1ccccc1F,NIWYLNFSJJLYHU-UHFFFAOYSA-N
2-FMA,https://psychonautwiki.org/wiki/2-FMA,Stimulants,,,,,CNC(C)Cc1ccccc1F,XNWIKJYFOIDUGD-UHFFFAOYSA-N
2-Fluorodeschloroketamine,https://psychonautwiki.org/wiki/2-Fluorodeschloroketamine,Dissociatives,,,,,CNC1(c2ccccc2F)CCCCC1=O,PHFAGYYTDLITTB-UHFFFAOYSA-N
25B-NBOH,https://psychonautwiki.org/wiki/25B-NBOH,Psychedelics,,,,,COc1cc(CCNCc2ccccc2O)c(OC)cc1Br,RSUNJYKZRKIBNB-UHFFFAOYSA-N
25C-NBOH,https://psychonautwiki.org/wiki/25C-NBOH,Psychedelics,,,,,COc1cc(CCNCc2ccccc2O)c(OC)cc1Cl,VHWXICYYQMMZCW-UHFFFAOYSA-N
25C-NBOMe,https://psychonautwiki.org/wiki/25C-NBOMe,Psychedelics,,,,,COc1cc(CCNCc2ccccc2OC)c(OC)cc1Cl,FJFPOGCVVLUYAQ-UHFFFAOYSA-N
25D-NBOMe,https://psychonautwiki.org/wiki/25D-NBOMe,Psychedelics,,,,,COc1cc(CCNCc2ccccc2OC)c(OC)cc1C,UTVHBNXCFSATDB-UHFFFAOYSA-N
25I-NBOH,https://psychonautwiki.org/wiki/25I-NBOH,Psychedelics,,,,,COc1cc(CCNCc2ccccc2O)c(OC)cc1I,FEUZHYRXGQTBRO-UHFFFAOYSA-N
25I-NBOMe,https://psychonautwiki.org/wiki/25I-NBOMe,Psychedelics,,,,,COc1cc(CCNCc2ccccc2OC)c(OC)cc1I,ZFUOLNAKPBFDIJ-UHFFFAOYSA-N
25N-NBOMe,https://psychonautwiki.org/wiki/25N-NBOMe,Psychedelics,,,,,COc1cc([N+](=O)[O-])c(OC)cc1CCNCc1ccccc1OC,TXCKTIBHURMASQ-UHFFFAOYSA-N
2C-B,https://psychonautwiki.org/wiki/2C-B,Psychedelics,,,,P,COc1cc(CCN)c(OC)cc1Br,YMHOBZXQZVXHBM-UHFFFAOYSA-N
2C-B-FLY,https://psychonautwiki.org/wiki/2C-B-FLY,Psychedelics,,,,,NCCc1c2c(c(Br)c3c1OCC3)OCC2,YZDFADGMVOSVIX-UHFFFAOYSA-N
2C-C,https://psychonautwiki.org/wiki/2C-C,Psychedelics,,,,P,COc1cc(CCN)c(OC)cc1Cl,CGKQFIWIPSIVAS-UHFFFAOYSA-N
2C-D,https://psychonautwiki.org/wiki/2C-D,Psychedelics,,,,P,COc1cc(CCN)c(OC)cc1C,UNQQFDCVEMVQHM-UHFFFAOYSA-N
2C-E,https://psychonautwiki.org/wiki/2C-E,Psychedelics,,,,P,CCc1cc(OC)c(CCN)cc1OC,VDRGNAMREYBIHA-UHFFFAOYSA-N
2C-H,https://psychonautwiki.org/wiki/2C-H,Stimulants,Psychedelics,,,P,COc1ccc(OC)c(CCN)c1,WNCUVUUEJZEATP-UHFFFAOYSA-N
2C-I,https://psychonautwiki.org/wiki/2C-I,Psychedelics,,,,P,COc1cc(CCN)c(OC)cc1I,PQHQBRJAAZQXHL-UHFFFAOYSA-N
2C-P,https://psychonautwiki.org/wiki/2C-P,Psychedelics,,,,P,CCCc1cc(OC)c(CCN)cc1OC,PZJOKFZGPTVNBF-UHFFFAOYSA-N
2C-T-2,https://psychonautwiki.org/wiki/2C-T-2,Psychedelics,,,,P,CCSc1cc(OC)c(CCN)cc1OC,HCWQGDLBIKOJPM-UHFFFAOYSA-N
2M2B,https://psychonautwiki.org/wiki/2M2B,Depressant,,,,,CCC(C)(C)O,MSXVEPNJUHWQHW-UHFFFAOYSA-N
3-FA,https://psychonautwiki.org/wiki/3-FA,Stimulants,,,,,CC(N)Cc1cccc(F)c1,PIOCLGPCMNPZFT-UHFFFAOYSA-N
3-FEA,https://psychonautwiki.org/wiki/3-FEA,Stimulants,Entactogens,,,,NCCc1ccoc1,HQFMZQJGVKVYHK-UHFFFAOYSA-N
3-FMA,https://psychonautwiki.org/wiki/3-FMA,Stimulants,Entactogens,,,,CNC(C)Cc1cccc(F)c1,RRVAUTPWWWFYQT-UHFFFAOYSA-N
3-FPM,https://psychonautwiki.org/wiki/3-FPM,Stimulants,,,,,CC1NCCOC1c1cccc(F)c1,VHYVKJAQSJCYCK-UHFFFAOYSA-N
3-HO-PCE,https://psychonautwiki.org/wiki/3-HO-PCE,Dissociatives,,,,,CCNC1(c2cccc(O)c2)CCCCC1,MIKNPNLBFHVMKK-UHFFFAOYSA-N
3-HO-PCP,https://psychonautwiki.org/wiki/3-HO-PCP,Dissociatives,,,,,Oc1cccc(C2(N3CCCCC3)CCCCC2)c1,AMSXTZUCNOKUEN-UHFFFAOYSA-N
3-MMC,https://psychonautwiki.org/wiki/3-MMC,Stimulants,Entactogens,,,,CNC(C)C(=O)c1cccc(C)c1,QDNXSIYWHYGMCD-UHFFFAOYSA-N
3-Me-PCP,https://psychonautwiki.org/wiki/3-Me-PCP,Dissociatives,,,,,Cc1cccc(C2(N3CCCCC3)CCCCC2)c1,BMFKUCGCXMDGBK-UHFFFAOYSA-N
3-MeO-PCE,https://psychonautwiki.org/wiki/3-MeO-PCE,Dissociatives,,,,,CCNC1(c2cccc(OC)c2)CCCCC1,OFGOOZLOGUNDFS-UHFFFAOYSA-N
3-MeO-PCMo,https://psychonautwiki.org/wiki/3-MeO-PCMo,Dissociatives,,,,,COc1cccc(C2(N3CCOCC3)CCCCC2)c1,BOGOEDFWPOXWQE-UHFFFAOYSA-N
3-MeO-PCP,https://psychonautwiki.org/wiki/3-MeO-PCP,Dissociatives,,,,,COc1cccc(C2(N3CCCCC3)CCCCC2)c1,BQQSZHHKGPOXLN-UHFFFAOYSA-N
3C-E,https://psychonautwiki.org/wiki/3C-E,Psychedelics,,,,P,CCOc1c(OC)cc(CC(C)N)cc1OC,AHLXCGRWNKUNTQ-UHFFFAOYSA-N
4-AcO-DET,https://psychonautwiki.org/wiki/4-AcO-DET,Psychedelics,,,,,CCN(CC)CCc1c[nH]c2cccc(OC(C)=O)c12,WYEVVQJLTXBMPM-UHFFFAOYSA-N
4-AcO-DMT,https://psychonautwiki.org/wiki/4-AcO-DMT,Psychedelics,,,,,CC(=O)Oc1cccc2[nH]cc(CCN(C)C)c12,RTLRUOSYLFOFHV-UHFFFAOYSA-N
4-AcO-MET,https://psychonautwiki.org/wiki/4-AcO-MET,Psychedelics,,,,,CCN(C)CCc1c[nH]c2cccc(OC(C)=O)c12,OMDKHOOGGJRLLX-UHFFFAOYSA-N
4-AcO-MiPT,https://psychonautwiki.org/wiki/4-AcO-MiPT,Psychedelics,,,,,CC(=O)Oc1cccc2[nH]cc(CCN(C)C(C)C)c12,CIDMXLOVFPIHDS-UHFFFAOYSA-N
4-FA,https://psychonautwiki.org/wiki/4-FA,Stimulants,Entactogens,,,,CC(N)Cc1ccc(F)cc1,DGXWNDGLEOIEGT-UHFFFAOYSA-N
4-FMA,https://psychonautwiki.org/wiki/4-FMA,Stimulants,Entactogens,,,,CNC(C)Cc1ccc(F)cc1,YCWZPIHKUYZTFM-UHFFFAOYSA-N
4-HO-EPT,https://psychonautwiki.org/wiki/4-HO-EPT,Psychedelics,,,,,CCCN(CC)CCc1c[nH]c2cccc(O)c12,JQELEPKHBXEAHR-UHFFFAOYSA-N
4-HO-MET,https://psychonautwiki.org/wiki/4-HO-MET,Psychedelics,,,,T,CCN(C)CCc1c[nH]c2cccc(O)c12,ORWQBKPSGDRPPA-UHFFFAOYSA-N
4-HO-MPT,https://psychonautwiki.org/wiki/4-HO-MPT,Psychedelics,,,,T,CCCN(C)CCc1c[nH]c2cccc(O)c12,XFQDDPQGBLSNCN-UHFFFAOYSA-N
4-HO-MiPT,https://psychonautwiki.org/wiki/4-HO-MiPT,Psychedelics,,,,T,CC(C)N(C)CCc1c[nH]c2cccc(O)c12,RXKGHZCQFXXWFQ-UHFFFAOYSA-N
4-MeO-PCP,https://psychonautwiki.org/wiki/4-MeO-PCP,Dissociatives,,,,,COc1ccc(C2(N3CCCCC3)CCCCC2)cc1,MUZGGFNYVLGUFS-UHFFFAOYSA-N
4F-EPH,https://psychonautwiki.org/wiki/4F-EPH,Stimulants,,,,,CCOC(=O)C(c1ccc(F)cc1)C1CCCCN1,RKXQYWFDJDYSEN-UHFFFAOYSA-N
4F-MPH,https://psychonautwiki.org/wiki/4F-MPH,Stimulants,,,,,COC(=O)C(c1ccc(F)cc1)C1CCCCN1,XISBAJBPDVRSPG-UHFFFAOYSA-N
5-APB,https://psychonautwiki.org/wiki/5-APB,Stimulants,Entactogens,,,,CC(N)Cc1ccc2occc2c1,VKUMKUZDZWHMQU-UHFFFAOYSA-N
5-MAPB,https://psychonautwiki.org/wiki/5-MAPB,Entactogens,,,,,CNC(C)Cc1ccc2occc2c1,ZOVRTIPCNFERHY-UHFFFAOYSA-N
5-MeO-DALT,https://psychonautwiki.org/wiki/5-MeO-DALT,Psychedelics,,,,,C=CCN(CC=C)CCc1c[nH]c2ccc(OC)cc12,HGRHWEAUHXYNNP-UHFFFAOYSA-N
5-MeO-DMT,https://psychonautwiki.org/wiki/5-MeO-DMT,Psychedelics,,,,T,COc1ccc2[nH]cc(CCN(C)C)c2c1,ZSTKHSQDNIGFLM-UHFFFAOYSA-N
5-MeO-DiBF,https://psychonautwiki.org/wiki/5-MeO-DiBF,Psychedelics,,,,,COc1ccc2occ(CCN(C(C)C)C(C)C)c2c1,NBFMSQBTYHYVKP-UHFFFAOYSA-N
5-MeO-MiPT,https://psychonautwiki.org/wiki/5-MeO-MiPT,Psychedelics,Entactogens,,,T,COc1ccc2[nH]cc(CCN(C)C(C)C)c2c1,HEDOODBJFVUQMS-UHFFFAOYSA-N
5F-AKB48,https://psychonautwiki.org/wiki/5F-AKB48,Cannabinoid,,,,,O=C(NC12C[C@H]3C[C@@H](C1)C[C@@H](C2)C3)c1nn(CCCCCF)c2ccccc12,UCMFSGVIEPXYIV-XHICYHHKSA-N
5F-PB-22,https://psychonautwiki.org/wiki/5F-PB-22,Cannabinoid,,,,,O=C(Oc1cccc2cccnc12)c1cn(CCCCCF)c2ccccc12,MBOCMBFDYVSGLJ-UHFFFAOYSA-N
6-APB,https://psychonautwiki.org/wiki/6-APB,Psychedelics,Entactogens,,,,CC(N)Cc1ccc2ccoc2c1,FQDAMYLMQQKPRX-UHFFFAOYSA-N
6-APDB,https://psychonautwiki.org/wiki/6-APDB,Stimulants,Entactogens,,,,CC(N)Cc1ccc2c(c1)OCC2,VRNGXHJGMCJRSQ-UHFFFAOYSA-N
8-Chlorotheophylline,https://psychonautwiki.org/wiki/8-Chlorotheophylline,,,,,,Cn1c(=O)c2[nH]c(Cl)nc2n(C)c1=O,RYIGNEOBDRVTHA-UHFFFAOYSA-N
A-PVP,https://psychonautwiki.org/wiki/A-PVP,Stimulants,,,,,CCCC(C(=O)c1ccccc1)N1CCCC1,YDIIDRWHPFMLGR-UHFFFAOYSA-N
AB-FUBINACA,https://psychonautwiki.org/wiki/AB-FUBINACA,Cannabinoid,,,,,CC(C)[C@H](NC(=O)c1nn(Cc2ccc(F)cc2)c2ccccc12)C(N)=O,AKOOIMKXADOPDA-KRWDZBQOSA-N
ALD-52,https://psychonautwiki.org/wiki/ALD-52,Psychedelics,,,,,CCN(CC)C(=O)[C@@H]1C=C2c3cccc4c3c(cn4C(C)=O)C[C@H]2N(C)C1,FJOWXGYLIWJFCH-OXQOHEQNSA-N
APICA,https://psychonautwiki.org/wiki/APICA,Cannabinoid,,,,,NC1(C(=O)O)CCc2cc(P(=O)(O)O)ccc21,ZNQZXIHSJUDIKL-UHFFFAOYSA-N
Acetylfentanyl,https://psychonautwiki.org/wiki/Acetylfentanyl,Opioids,,,,,CC(=O)N(c1ccccc1)C1CCN(CCc2ccccc2)CC1,FYIUUQUPOKIKNI-UHFFFAOYSA-N
Adrafinil,https://psychonautwiki.org/wiki/Adrafinil,Nootropic,,,,,O=C(CS(=O)C(c1ccccc1)c1ccccc1)NO,CGNMLOKEMNBUAI-UHFFFAOYSA-N
Alpha-GPC,https://psychonautwiki.org/wiki/Alpha-GPC,Nootropic,,,,,C[N+](C)(C)CCOP(=O)([O-])OC[C@H](O)CO,SUHOQUVVVLNYQR-MRVPVSSYSA-N
Alprazolam,https://psychonautwiki.org/wiki/Alprazolam,Depressant,,,,,Cc1nnc2n1-c1ccc(Cl)cc1C(c1ccccc1)=NC2,VREFGVBLTWBCJP-UHFFFAOYSA-N
Amphetamine,https://psychonautwiki.org/wiki/Amphetamine,Stimulants,,,,,CC(N)Cc1ccccc1,KWTSXDURSIMDCE-UHFFFAOYSA-N
Aniracetam,https://psychonautwiki.org/wiki/Aniracetam,Nootropic,,,,,COc1ccc(C(=O)N2CCCC2=O)cc1,ZXNRTKGTQJPIJK-UHFFFAOYSA-N
Armodafinil,https://psychonautwiki.org/wiki/Armodafinil,,,,,,NC(=O)C[S@@](=O)C(c1ccccc1)c1ccccc1,YFGHCGITMMYXAQ-LJQANCHMSA-N
Benzydamine,https://psychonautwiki.org/wiki/Benzydamine,Deliriant,Stimulants,,,,CN(C)CCCOc1nn(Cc2ccccc2)c2ccccc12,CNBGNNVCVSKAQZ-UHFFFAOYSA-N
Bromantane,https://psychonautwiki.org/wiki/Bromantane,Stimulants,Nootropic,,,,Brc1ccc(NC2C3CC4CC(C3)CC2C4)cc1,LWJALJDRFBXHKX-UHFFFAOYSA-N
Buprenorphine,https://psychonautwiki.org/wiki/Buprenorphine,Opioids,,,,,CO[C@]12CC[C@@]3(C[C@@H]1[C@](C)(O)C(C)(C)C)[C@H]1Cc4ccc(O)c5c4[C@@]3(CCN1CC1CC1)[C@H]2O5,RMRJXGBAOAMLHD-IHFGGWKQSA-N
Butylone,https://psychonautwiki.org/wiki/Butylone,Stimulants,Entactogens,,,,CCC(NC)C(=O)c1ccc2c(c1)OCO2,CGKQZIULZRXRRJ-UHFFFAOYSA-N
Caffeine,https://psychonautwiki.org/wiki/Caffeine,Stimulants,,,,,Cn1c(=O)c2c(ncn2C)n(C)c1=O,RYYVLZVUVIJVGH-UHFFFAOYSA-N
Cannabidiol,https://psychonautwiki.org/wiki/Cannabidiol,Cannabinoid,,,,,C=C(C)[C@@H]1CCC(C)=C[C@H]1c1c(O)cc(CCCCC)cc1O,QHMBSVQNZZTUGM-ZWKOTPCHSA-N
Carisoprodol,https://psychonautwiki.org/wiki/Carisoprodol,Depressant,,,,,CCCC(C)(COC(N)=O)COC(=O)NC(C)C,OFZCIYFFPZCNJE-UHFFFAOYSA-N
Choline bitartrate,https://psychonautwiki.org/wiki/Choline_bitartrate,Nootropic,,,,,C[N+](C)(C)CCO,OEYIOHPDSNJKLS-UHFFFAOYSA-N
Citicoline,https://psychonautwiki.org/wiki/Citicoline,Nootropic,,,,,C[N+](C)(C)CCOP(=O)([O-])OP(=O)(O)OC[C@H]1O[C@@H](n2ccc(N)nc2=O)[C@H](O)[C@@H]1O,RZZPDXZPRHQOCG-OJAKKHQRSA-N
Clonazepam,https://psychonautwiki.org/wiki/Clonazepam,Depressant,,,,,O=C1CN=C(c2ccccc2Cl)c2cc([N+](=O)[O-])ccc2N1,DGBIGWXXNGSACT-UHFFFAOYSA-N
Clonazolam,https://psychonautwiki.org/wiki/Clonazolam,Depressant,,,,,Cc1nnc2n1-c1ccc([N+](=O)[O-])cc1C(c1ccccc1Cl)=NC2,XJRGLCAWBRZUFC-UHFFFAOYSA-N
Clonidine,https://psychonautwiki.org/wiki/Clonidine,Depressant,,,,,Clc1cccc(Cl)c1NC1=NCCN1,GJSURZIOUXUGAL-UHFFFAOYSA-N
Cocaine,https://psychonautwiki.org/wiki/Cocaine,Stimulants,,,,,COC(=O)[C@H]1[C@@H](OC(=O)c2ccccc2)C[C@@H]2CC[C@H]1N2C,ZPUCINDJVBIVPJ-LJISPDSOSA-N
Codeine,https://psychonautwiki.org/wiki/Codeine,Opioids,,,,,COc1ccc2c3c1OC1C(O)C=CC4C(C2)N(C)CCC341,OROGSEYTTFOCAN-UHFFFAOYSA-N
Coluracetam,https://psychonautwiki.org/wiki/Coluracetam,Nootropic,,,,,Cc1oc2nc3c(c(NC(=O)CN4CCCC4=O)c2c1C)CCCC3,PSPGQHXMUKWNDI-UHFFFAOYSA-N
Creatine,https://psychonautwiki.org/wiki/Creatine,Nootropic,,,,,CN(CC(=O)O)C(=N)N,CVSVTCORWBXHQV-UHFFFAOYSA-N
Cyclazodone,https://psychonautwiki.org/wiki/Cyclazodone,Stimulants,,,,,O=C1N=C(NC2CC2)OC1c1ccccc1,DNRKTAYPGADPGW-UHFFFAOYSA-N
DET,https://psychonautwiki.org/wiki/DET,Psychedelics,,,,T,CCN(CC)CCc1c[nH]c2ccccc12,LSSUMOWDTKZHHT-UHFFFAOYSA-N
DMT,https://psychonautwiki.org/wiki/DMT,Psychedelics,,,,T,CN(C)CCc1c[nH]c2ccccc12,DMULVCHRPCFFGV-UHFFFAOYSA-N
DOB,https://psychonautwiki.org/wiki/DOB,Psychedelics,,,,P,COc1cc(CC(C)N)c(OC)cc1Br,FXMWUTGUCAKGQL-UHFFFAOYSA-N
DOC,https://psychonautwiki.org/wiki/DOC,Psychedelics,,,,P,COc1cc(CC(C)N)c(OC)cc1Cl,ACRITBNCBMTINK-UHFFFAOYSA-N
DPT,https://psychonautwiki.org/wiki/DPT,Psychedelics,,,,T,CCCN(CCC)CCc1c[nH]c2ccccc12,BOOQTIHIKDDPRW-UHFFFAOYSA-N
Deschloroetizolam,https://psychonautwiki.org/wiki/Deschloroetizolam,Depressant,,,,,CCc1cc2c(s1)-n1c(C)nnc1CN=C2c1ccccc1,JIOBORXCOGMHSV-UHFFFAOYSA-N
Deschloroketamine,https://psychonautwiki.org/wiki/Deschloroketamine,Dissociatives,,,,,CNC1(c2ccccc2)CCCCC1=O,ZAGBSZSITDFFAF-UHFFFAOYSA-N
Desomorphine,https://psychonautwiki.org/wiki/Desomorphine,Opioids,,,,,CN1CC[C@]23c4c5ccc(O)c4O[C@H]2CCC[C@H]3[C@H]1C5,LNNWVNGFPYWNQE-GMIGKAJZSA-N
Desoxypipradrol,https://psychonautwiki.org/wiki/Desoxypipradrol,Stimulants,,,,,c1ccc(C(c2ccccc2)C2CCCCN2)cc1,RWTNXJXZVGHMGI-UHFFFAOYSA-N
Dextromethorphan,https://psychonautwiki.org/wiki/Dextromethorphan,Dissociatives,,,,,COc1ccc2c(c1)[C@]13CCCC[C@@H]1[C@H](C2)N(C)CC3,MKXZASYAUGDDCJ-NJAFHUGGSA-N
Dextropropoxyphene,https://psychonautwiki.org/wiki/Dextropropoxyphene,Opioids,,,,,CCC(=O)O[C@](Cc1ccccc1)(c1ccccc1)[C@H](C)CN(C)C,XLMALTXPSGQGBX-GCJKJVERSA-N
DiPT,https://psychonautwiki.org/wiki/DiPT,Psychedelics,,,,T,CC(C)N(CCc1c[nH]c2ccccc12)C(C)C,ZRVAAGAZUWXRIP-UHFFFAOYSA-N
Diazepam,https://psychonautwiki.org/wiki/Diazepam,Depressant,,,,,CN1C(=O)CN=C(c2ccccc2)c2cc(Cl)ccc21,AAOVKJBEBIDNHE-UHFFFAOYSA-N
Dichloropane,https://psychonautwiki.org/wiki/Dichloropane,Stimulants,,,,,COC(=O)[C@H]1[C@@H](c2ccc(Cl)c(Cl)c2)C[C@@H]2CC[C@H]1N2C,AMIHUYQKNJHXPT-DRABBMOASA-N
Diclazepam,https://psychonautwiki.org/wiki/Diclazepam,Depressant,,,,,CN1C(=O)CN=C(c2ccccc2Cl)c2cc(Cl)ccc21,VPAYQWRBBOGGPY-UHFFFAOYSA-N
Diphenhydramine,https://psychonautwiki.org/wiki/Diphenhydramine,Deliriant,Depressant,,,,CN(C)CCOC(c1ccccc1)c1ccccc1,ZZVUWRFHKOJYTH-UHFFFAOYSA-N
Diphenidine,https://psychonautwiki.org/wiki/Diphenidine,Dissociatives,,,,,c1ccc(CC(c2ccccc2)N2CCCCC2)cc1,JQWJJJYHVHNXJH-UHFFFAOYSA-N
ETH-CAT,https://psychonautwiki.org/wiki/ETH-CAT,Stimulants,,,,,CCNC(C)C(=O)c1ccccc1,LYMHIBZGTAPASQ-UHFFFAOYSA-N
Ephenidine,https://psychonautwiki.org/wiki/Ephenidine,Dissociatives,,,,,CCNC(Cc1ccccc1)c1ccccc1,IGFZMQXEKIZPDR-UHFFFAOYSA-N
Ephylone,https://psychonautwiki.org/wiki/Ephylone,Stimulants,Entactogens,,,,CCCC(NCC)C(=O)c1ccc2c(c1)OCO2,VERDHJIMZYXGIW-UHFFFAOYSA-N
Ergotamine,https://psychonautwiki.org/wiki/Ergotamine,,,,,,CN1C[C@H](C(=O)N[C@]2(C)O[C@@]3(O)[C@@H]4CCCN4C(=O)[C@H](Cc4ccccc4)N3C2=O)C=C2c3cccc4[nH]cc(c34)C[C@H]21,XCGSFFUVFURLIX-VFGNJEKYSA-N
Escaline,https://psychonautwiki.org/wiki/Escaline,Psychedelics,,,,P,CCOc1c(OC)cc(CCN)cc1OC,RHOGRSKNWDNCDN-UHFFFAOYSA-N
Etazene,https://psychonautwiki.org/wiki/Etazene,,,,,,CCOc1ccc(Cc2nc3ccccc3n2CCN(CC)CC)cc1,BMLPNUNXHUGDOI-UHFFFAOYSA-N
Ethylmorphine,https://psychonautwiki.org/wiki/Ethylmorphine,Opioids,,,,,CCOc1ccc2c3c1O[C@H]1[C@@H](O)C=C[C@H]4[C@@H](C2)N(C)CC[C@]314,OGDVEMNWJVYAJL-LEPYJNQMSA-N
Ethylphenidate,https://psychonautwiki.org/wiki/Ethylphenidate,Stimulants,,,,,CCOC(=O)C(c1ccccc1)C1CCCCN1,AIVSIRYZIBXTMM-UHFFFAOYSA-N
Etizolam,https://psychonautwiki.org/wiki/Etizolam,Depressant,,,,,CCc1cc2c(s1)-n1c(C)nnc1CN=C2c1ccccc1Cl,VMZUTJCNQWMAGF-UHFFFAOYSA-N
F-Phenibut,https://psychonautwiki.org/wiki/F-Phenibut,Depressant,,,,,NCC(CC(=O)O)c1ccc(F)cc1,QWHXHLDNSXLAPX-UHFFFAOYSA-N
Fentanyl,https://psychonautwiki.org/wiki/Fentanyl,Opioids,,,,,CCC(=O)N(c1ccccc1)C1CCN(CCc2ccccc2)CC1,PJMPHNIQZUBGLI-UHFFFAOYSA-N
Flubromazepam,https://psychonautwiki.org/wiki/Flubromazepam,Depressant,,,,,O=C1CN=C(c2ccccc2F)c2cc(Br)ccc2N1,ZRKDDZBVSZLOFS-UHFFFAOYSA-N
Flubromazolam,https://psychonautwiki.org/wiki/Flubromazolam,Depressant,,,,,Cc1nnc2n1-c1ccc(Br)cc1C(c1ccccc1F)=NC2,VXGSZBZQCBNUIP-UHFFFAOYSA-N
GBL,https://psychonautwiki.org/wiki/GBL,Depressant,,,,,O=C1CCCO1,YEJRWHAVMIAJKC-UHFFFAOYSA-N
GHB,https://psychonautwiki.org/wiki/GHB,Depressant,,,,,O=C(O)CCCO,SJZRECIVHVDYJC-UHFFFAOYSA-N
Gabapentin,https://psychonautwiki.org/wiki/Gabapentin,Depressant,,,,,NCC1(CC(=O)O)CCCCC1,UGJMXCAKCUNAIE-UHFFFAOYSA-N
Galantamine,https://psychonautwiki.org/wiki/Galantamine,Sedative,Oneirogen,,,,COc1ccc2c3c1O[C@H]1C[C@@H](O)C=C[C@@]31CCN(C)C2,ASUTZQLVASHGKV-JDFRZJQESA-N
Haloperidol,https://psychonautwiki.org/wiki/Haloperidol,Antipsychotic,,,,,O=C(CCCN1CCC(O)(c2ccc(Cl)cc2)CC1)c1ccc(F)cc1,LNEPOXFFQSENCJ-UHFFFAOYSA-N
Heroin,https://psychonautwiki.org/wiki/Heroin,Opioids,,,,,CC(=O)Oc1ccc2c3c1O[C@H]1[C@@H](OC(C)=O)C=C[C@H]4[C@@H](C2)N(C)CC[C@]314,GVGLGOZIDCSQPN-PVHGPHFFSA-N
Hexedrone,https://psychonautwiki.org/wiki/Hexedrone,Stimulants,,,,,CCCCC(NC)C(=O)c1ccccc1,BHIZKPHLTVLXIV-UHFFFAOYSA-N
Hydrocodone,https://psychonautwiki.org/wiki/Hydrocodone,Opioids,,,,,COc1ccc2c3c1O[C@H]1C(=O)CC[C@H]4[C@@H](C2)N(C)CC[C@]314,LLPOLZWFYMWNKH-CMKMFDCUSA-N
Hydromorphone,https://psychonautwiki.org/wiki/Hydromorphone,Opioids,,,,,CN1CC[C@]23c4c5ccc(O)c4O[C@H]2C(=O)CC[C@H]3[C@H]1C5,WVLOADHCBXTIJK-YNHQPCIGSA-N
Ibogaine,https://psychonautwiki.org/wiki/Ibogaine,Psychedelics,,,,T,CC[C@H]1C[C@@H]2C[C@H]3c4[nH]c5ccc(OC)cc5c4CC[N@@](C2)[C@@H]13,HSIBGVUMFOSJPD-CFDPKNGZSA-N
JWH-018,https://psychonautwiki.org/wiki/JWH-018,Cannabinoid,,,,,CCCCCn1cc(C(=O)c2cccc3ccccc23)c2ccccc21,JDNLPKCAXICMBW-UHFFFAOYSA-N
JWH-073,https://psychonautwiki.org/wiki/JWH-073,Cannabinoid,,,,,CCCCn1cc(C(=O)c2cccc3ccccc23)c2ccccc21,VCHHHSMPMLNVGS-UHFFFAOYSA-N
Ketamine,https://psychonautwiki.org/wiki/Ketamine,Dissociatives,,,,,CNC1(c2ccccc2Cl)CCCCC1=O,YQEZLKZALYSWHR-UHFFFAOYSA-N
LSA,https://psychonautwiki.org/wiki/LSA,Psychedelics,,,,,CN1C[C@H](C(N)=O)C=C2c3cccc4[nH]cc(c34)C[C@H]21,GENAHGKEFJLNJB-QMTHXVAHSA-N
LSD,https://psychonautwiki.org/wiki/LSD,Psychedelics,,,,T,CCN(CC)C(=O)[C@@H]1C=C2c3cccc4[nH]cc(c34)C[C@H]2N(C)C1,VAYOSLLFUXYJDT-RDTXWAMCSA-N
LSM-775,https://psychonautwiki.org/wiki/LSM-775,Psychedelics,,,,,CN1C[C@H](C(=O)N2CCOCC2)C=C2c3cccc4[nH]cc(c34)C[C@H]21,OTQWCDNEJVKXKG-RDTXWAMCSA-N
LSZ,https://psychonautwiki.org/wiki/LSZ,Psychedelics,,,,,C[C@H]1C[C@H](C)N1C(=O)[C@@H]1C=C2c3cccc4[nH]cc(c34)C[C@H]2N(C)C1,DUKNIHFTDAXJON-CTQRGLTFSA-N
Lisdexamfetamine,https://psychonautwiki.org/wiki/Lisdexamfetamine,Stimulants,,,,,C[C@@H](Cc1ccccc1)NC(=O)[C@@H](N)CCCCN,VOBHXZCDAVEXEY-JSGCOSHPSA-N
Lorazepam,https://psychonautwiki.org/wiki/Lorazepam,Depressant,,,,,O=C1Nc2ccc(Cl)cc2C(c2ccccc2Cl)=NC1O,DIWRORZWFLOCLC-UHFFFAOYSA-N
MCPP,https://psychonautwiki.org/wiki/MCPP,Stimulants,,,,,Clc1cccc(N2CCNCC2)c1,VHFVKMTVMIZMIK-UHFFFAOYSA-N
MDA,https://psychonautwiki.org/wiki/MDA,Stimulants,Psychedelics,Entactogens,,P,CC(N)Cc1ccc2c(c1)OCO2,NGBBVGZWCFBOGO-UHFFFAOYSA-N
MDAI,https://psychonautwiki.org/wiki/MDAI,Entactogens,,,,,NC1Cc2cc3c(cc2C1)OCO3,FQDRMHHCWZAXJM-UHFFFAOYSA-N
MDEA,https://psychonautwiki.org/wiki/MDEA,Entactogens,,,,P,CCNC(C)Cc1ccc2c(c1)OCO2,PVXVWWANJIWJOO-UHFFFAOYSA-N
MDMA,https://psychonautwiki.org/wiki/MDMA,Stimulants,Entactogens,,,P,CNC(C)Cc1ccc2c(c1)OCO2,SHXWCVYOXRDMCX-UHFFFAOYSA-N
MPT,https://psychonautwiki.org/wiki/MPT,Psychedelics,,,,,CCCN(C)CCc1c[nH]c2ccccc12,SZUNESAKJQIJAC-UHFFFAOYSA-N
MXiPr,https://psychonautwiki.org/wiki/MXiPr,Dissociatives,,,,,COc1cccc(C2(NC(C)C)CCCCC2=O)c1,FTQIVDGNGXPEKP-UHFFFAOYSA-N
Melatonin,https://psychonautwiki.org/wiki/Melatonin,Oneirogen,,,,T,COc1ccc2[nH]cc(CCNC(C)=O)c2c1,DRLFMBDRBRZALE-UHFFFAOYSA-N
Memantine,https://psychonautwiki.org/wiki/Memantine,Dissociatives,,,,,CC12CC3CC(C)(C1)CC(N)(C3)C2,BUGYDGFZZOZRHP-UHFFFAOYSA-N
Mephedrone,https://psychonautwiki.org/wiki/Mephedrone,Stimulants,Entactogens,,,,CNC(C)C(=O)c1ccc(C)cc1,YELGFTGWJGBAQU-UHFFFAOYSA-N
Mescaline,https://psychonautwiki.org/wiki/Mescaline,Psychedelics,,,,P,COc1cc(CCN)cc(OC)c1OC,RHCSKNNOAZULRK-UHFFFAOYSA-N
Methadone,https://psychonautwiki.org/wiki/Methadone,Opioids,,,,,CCC(=O)C(CC(C)N(C)C)(c1ccccc1)c1ccccc1,USSIQXCVUWKGNF-UHFFFAOYSA-N
Methamphetamine,https://psychonautwiki.org/wiki/Methamphetamine,Stimulants,,,,,CNC(C)Cc1ccccc1,MYWUZJCMWCOHBA-UHFFFAOYSA-N
Methaqualone,https://psychonautwiki.org/wiki/Methaqualone,Depressant,,,,,Cc1ccccc1-n1c(C)nc2ccccc2c1=O,JEYCTXHKTXCGPB-UHFFFAOYSA-N
Methiopropamine,https://psychonautwiki.org/wiki/Methiopropamine,Stimulants,,,,,CNC(C)Cc1cccs1,HPHUWHKFQXTZPS-UHFFFAOYSA-N
Methoxetamine,https://psychonautwiki.org/wiki/Methoxetamine,Dissociatives,,,,,CCNC1(c2cccc(OC)c2)CCCCC1=O,LPKTWLVEGBNOOX-UHFFFAOYSA-N
Methoxphenidine,https://psychonautwiki.org/wiki/Methoxphenidine,Dissociatives,,,,,COc1ccccc1C(Cc1ccccc1)N1CCCCC1,QXXCUXIRBHSITD-UHFFFAOYSA-N
Methylnaphthidate,https://psychonautwiki.org/wiki/Methylnaphthidate,Stimulants,,,,,COC(=O)[C@H](c1ccc2ccccc2c1)[C@@H]1CCCCN1,DNRNSIJBSCBESJ-DLBZAZTESA-N
Methylone,https://psychonautwiki.org/wiki/Methylone,Stimulants,Entactogens,,,,CNC(C)C(=O)c1ccc2c(c1)OCO2,VKEQBMCRQDSRET-UHFFFAOYSA-N
Methylphenidate,https://psychonautwiki.org/wiki/Methylphenidate,Stimulants,,,,,COC(=O)C(c1ccccc1)C1CCCCN1,DUGOZIWVEXMGBE-UHFFFAOYSA-N
Metizolam,https://psychonautwiki.org/wiki/Metizolam,Depressant,,,,,CCc1cc2c(s1)-n1cnnc1CN=C2c1ccccc1Cl,NQSSWDKQLVBUQN-UHFFFAOYSA-N
Mexedrone,https://psychonautwiki.org/wiki/Mexedrone,Stimulants,,,,,CNC(COC)C(=O)c1ccc(C)cc1,JHGDCSPZKQLBOP-UHFFFAOYSA-N
MiPT,https://isomerdesign.com/PiHKAL/explore.php?domain=tk&id=5047&name=MIPT,,,,,T,CC(C)N(C)CCc1c[nH]c2ccccc12,KTQJVAJLJZIKKD-UHFFFAOYSA-N
Midazolam,https://psychonautwiki.org/wiki/Midazolam,Depressant,,,,,Cc1ncc2n1-c1ccc(Cl)cc1C(c1ccccc1F)=NC2,DDLIGBOFAVUZHB-UHFFFAOYSA-N
Modafinil,https://psychonautwiki.org/wiki/Modafinil,Eugeroic,,,,,NC(=O)CS(=O)C(c1ccccc1)c1ccccc1,YFGHCGITMMYXAQ-UHFFFAOYSA-N
Morphine,https://psychonautwiki.org/wiki/Morphine,Opioids,,,,,CN1CC[C@]23c4c5ccc(O)c4O[C@H]2[C@@H](O)C=C[C@H]3[C@H]1C5,BQJCRHHNABKAKU-KBQPJGBKSA-N
Myristicin,https://psychonautwiki.org/wiki/Myristicin,Deliriant,,,,,C=CCc1cc(OC)c2c(c1)OCO2,BNWJOHGLIBDBOB-UHFFFAOYSA-N
N-Acetylcysteine,https://psychonautwiki.org/wiki/N-Acetylcysteine,Nootropic,,,,,C/C(O)=N/[C@@H](CS)C(=O)O,PWKSKIMOESPYIA-BYPYZUCNSA-N
N-Methylbisfluoromodafinil,https://psychonautwiki.org/wiki/N-Methylbisfluoromodafinil,Nootropic,,,,,CNC(=O)CS(=O)C(c1ccc(F)cc1)c1ccc(F)cc1,MQZWTCIUDSDFCQ-UHFFFAOYSA-N
NEP,https://psychonautwiki.org/wiki/NEP,Stimulants,,,,,CCCC(NCC)C(=O)c1ccccc1,QQAHEGDXEXIQPR-UHFFFAOYSA-N
NM-2-AI,https://psychonautwiki.org/wiki/NM-2-AI,Stimulants,,,,,CNC1Cc2ccccc2C1,SXWZQUCTTOBHJT-UHFFFAOYSA-N
Naloxone,https://psychonautwiki.org/wiki/Naloxone,Opioids,,,,,C=CCN1CC[C@]23c4c5ccc(O)c4O[C@H]2C(=O)CC[C@@]3(O)[C@H]1C5,UZHSEJADLWPNLE-GRGSLBFTSA-N
Nicotine,https://psychonautwiki.org/wiki/Nicotine,Stimulants,,,,,CN1CCC[C@H]1c1cccnc1,SNICXCGAKADSCV-JTQLQIEISA-N
Nifoxipam,https://psychonautwiki.org/wiki/Nifoxipam,Depressant,,,,,O=C1Nc2ccc([N+](=O)[O-])cc2C(c2ccccc2F)=NC1O,UHFIFTRHLBAWGY-UHFFFAOYSA-N
Nitrous,https://psychonautwiki.org/wiki/Nitrous,Dissociatives,,,,,N#[N+][O-],GQPLMRYTRLFLPF-UHFFFAOYSA-N
O-Desmethyltramadol,https://psychonautwiki.org/wiki/O-Desmethyltramadol,Opioids,,,,,CN(C)CC1CCCCC1(O)c1cccc(O)c1,UWJUQVWARXYRCG-UHFFFAOYSA-N
O-PCE,https://psychonautwiki.org/wiki/O-PCE,Dissociatives,,,,,CCNC1(c2ccccc2)CCCCC1=O,IDLSBAANXISGEI-UHFFFAOYSA-N
Omberacetam,https://psychonautwiki.org/wiki/Omberacetam,Nootropic,,,,,CCOC(=O)CNC(=O)[C@H]1CCCN1C(=O)Cc1ccccc1,PJNSMUBMSNAEEN-CQSZACIVSA-N
Oxiracetam,https://psychonautwiki.org/wiki/Oxiracetam,Stimulants,Nootropic,,,,NC(=O)CN1CC(O)CC1=O,IHLAQQPQKRMGSS-UHFFFAOYSA-N
Oxycodone,https://psychonautwiki.org/wiki/Oxycodone,Opioids,,,,,COc1ccc2c3c1O[C@H]1C(=O)CC[C@@]4(O)[C@@H](C2)N(C)CC[C@]314,BRUQQQPBMZOVGD-XFKAJCMBSA-N
Oxymorphone,https://psychonautwiki.org/wiki/Oxymorphone,Opioids,,,,,CN1CC[C@]23c4c5ccc(O)c4O[C@H]2C(=O)CC[C@@]3(O)[C@H]1C5,UQCNKQCJZOAFTQ-ISWURRPUSA-N
PARGY-LAD,https://psychonautwiki.org/wiki/PARGY-LAD,Psychedelics,,,,,C#CCN1C[C@H](C(=O)N(CC)CC)C=C2c3cccc4[nH]cc(c34)C[C@H]21,BPJKJUFQSNRQCR-OXQOHEQNSA-N
PCE,https://psychonautwiki.org/wiki/PCE,Dissociatives,,,,,CCNC1(c2ccccc2)CCCCC1,IFYLVUHLOOCYBG-UHFFFAOYSA-N
PCP,https://psychonautwiki.org/wiki/PCP,Dissociatives,,,,,c1ccc(C2(N3CCCCC3)CCCCC2)cc1,JTJMJGYZQZDUJJ-UHFFFAOYSA-N
PMA,https://psychonautwiki.org/wiki/PMA,Entactogens,,,,P,COc1ccc(CC(C)N)cc1,NEGYEDYHPHMHGK-UHFFFAOYSA-N
PMMA,https://psychonautwiki.org/wiki/PMMA,Entactogens,,,,P,CNC(C)Cc1ccc(OC)cc1,UGFMBZYKVQSQFX-UHFFFAOYSA-N
Pentedrone,https://psychonautwiki.org/wiki/Pentedrone,Stimulants,,,,,CCCC(NC)C(=O)c1ccccc1,WLIWIUNEJRETFX-UHFFFAOYSA-N
Pentobarbital,https://psychonautwiki.org/wiki/Pentobarbital,Depressant,,,,,CCCC(C)C1(CC)C(=O)NC(=O)NC1=O,WEXRUCMBJFQVBZ-UHFFFAOYSA-N
Pethidine,https://psychonautwiki.org/wiki/Pethidine,Opioids,,,,,CCOC(=O)C1(c2ccccc2)CCN(C)CC1,XADCESSVHJOZHK-UHFFFAOYSA-N
PEA,https://isomerdesign.com/PiHKAL/explore.php?domain=tk&id=142&name=PEA,,,,,P,NCCc1ccccc1,BHHGXPLMPWCGHP-UHFFFAOYSA-N
Phenibut,https://psychonautwiki.org/wiki/Phenibut,Depressant,,,,,NCC(CC(=O)O)c1ccccc1,DAFOCGYVTAOKAJ-UHFFFAOYSA-N
Phenobarbital,https://psychonautwiki.org/wiki/Phenobarbital,Depressant,,,,,CCC1(c2ccccc2)C(=O)NC(=O)NC1=O,DDBREPKUVSBGFI-UHFFFAOYSA-N
Phenylpiracetam,https://psychonautwiki.org/wiki/Phenylpiracetam,Stimulants,Nootropic,,,,NC(=O)CN1CC(c2ccccc2)CC1=O,LYONXVJRBWWGQO-UHFFFAOYSA-N
Piracetam,https://psychonautwiki.org/wiki/Piracetam,Nootropic,,,,,NC(=O)CN1CCCC1=O,GMZVRMREEHBGGF-UHFFFAOYSA-N
Pramiracetam,https://psychonautwiki.org/wiki/Pramiracetam,Nootropic,,,,,CC(C)N(CCNC(=O)CN1CCCC1=O)C(C)C,ZULJGOSFKWFVRX-UHFFFAOYSA-N
Pregabalin,https://psychonautwiki.org/wiki/Pregabalin,Depressant,,,,,CC(C)CC(CN)CC(=O)O,AYXYPKUFHZROOJ-UHFFFAOYSA-N
Prochlorperazine,https://psychonautwiki.org/wiki/Prochlorperazine,Antipsychotic,,,,,CN1CCN(CCCN2c3ccccc3Sc3ccc(Cl)cc32)CC1,WIKYUJGCLQQFNW-UHFFFAOYSA-N
Prolintane,https://psychonautwiki.org/wiki/Prolintane,Stimulants,,,,,CCCC(Cc1ccccc1)N1CCCC1,OJCPSBCUMRIPFL-UHFFFAOYSA-N
Propylhexedrine,https://psychonautwiki.org/wiki/Propylhexedrine,Stimulants,,,,,CNC(C)CC1CCCCC1,JCRIVQIOJSSCQD-UHFFFAOYSA-N
Psilocin,https://psychonautwiki.org/wiki/Psilocin,Psychedelics,,,,T,CN(C)CCc1c[nH]c2cccc(O)c12,SPCIYGNTAMCTRO-UHFFFAOYSA-N
Pyrazolam,https://psychonautwiki.org/wiki/Pyrazolam,Depressant,,,,,Cc1nnc2n1-c1ccc(Br)cc1C(c1ccccn1)=NC2,BGRWSFIQQPVEML-UHFFFAOYSA-N
Quetiapine,https://psychonautwiki.org/wiki/Quetiapine,Antipsychotic,,,,,OCCOCCN1CCN(C2=Nc3ccccc3Sc3ccccc32)CC1,URKOMYMAXPYINW-UHFFFAOYSA-N
Risperidone,https://psychonautwiki.org/wiki/Risperidone,Antipsychotic,,,,,Cc1nc2n(c(=O)c1CCN1CCC(c3noc4cc(F)ccc34)CC1)CCCC2,RAPZEAPATHNIPO-UHFFFAOYSA-N
SAM-e,https://psychonautwiki.org/wiki/SAM-e,Nootropic,,,,,C[S+](CCC(N)C(=O)O)C[C@H]1O[C@@H](n2cnc3c(N)ncnc32)[C@H](O)[C@@H]1O,MEFKEPWMEQBLKI-YDBXVIPQSA-O
STS-135,https://psychonautwiki.org/wiki/STS-135,Cannabinoid,,,,,O=C(NC12CC3CC(CC(C3)C1)C2)c1cn(CCCCCF)c2ccccc12,COYHGVCHRRXECF-UHFFFAOYSA-N
Salvinorin A,https://psychonautwiki.org/wiki/Salvinorin_A,Hallucinogens,,,,,COC(=O)[C@@H]1C[C@H](OC(C)=O)C(=O)[C@H]2[C@@]1(C)CC[C@H]1C(=O)O[C@H](c3ccoc3)C[C@]21C,OBSYBRPAKCASQB-AGQYDFLVSA-N
Salvinorin B methoxymethyl ether,https://psychonautwiki.org/wiki/Salvinorin_B_methoxymethyl_ether,Hallucinogens,,,,,COCO[C@H]1C[C@@H](C(=O)OC)[C@]2(C)CC[C@H]3C(=O)O[C@H](c4ccoc4)C[C@]3(C)[C@H]2C1=O,KFVUSZPWUZBAPF-AGQYDFLVSA-N
Secobarbital,https://psychonautwiki.org/wiki/Secobarbital,Depressant,,,,,C=CCC1(C(C)CCC)C(=O)NC(=O)NC1=O,KQPKPCNLIDLUMF-UHFFFAOYSA-N
Sufentanil,https://psychonautwiki.org/wiki/Sufentanil,Opioids,,,,,CCC(=O)N(c1ccccc1)C1(COC)CCN(CCc2cccs2)CC1,GGCSSNBKKAUURC-UHFFFAOYSA-N
THJ-018,https://psychonautwiki.org/wiki/THJ-018,Cannabinoid,,,,,CCCCCn1nc(C(=O)c2cccc3ccccc23)c2ccccc21,VAKGBPSFDNTMDJ-UHFFFAOYSA-N
THJ-2201,https://psychonautwiki.org/wiki/THJ-2201,Cannabinoid,,,,,O=C(c1cccc2ccccc12)c1nn(CCCCCF)c2ccccc12,DULWRYKFTVFPTL-UHFFFAOYSA-N
TMA-2,https://psychonautwiki.org/wiki/TMA-2,Stimulants,Psychedelics,,,P,COc1cc(OC)c(OC)cc1CC(C)N,TVSIMAWGATVNGK-UHFFFAOYSA-N
TMA-6,https://psychonautwiki.org/wiki/TMA-6,Stimulants,Psychedelics,,,P,COc1cc(OC)c(CC(C)N)c(OC)c1,DDGNOUVDFKXADP-UHFFFAOYSA-N
Tapentadol,https://psychonautwiki.org/wiki/Tapentadol,Opioids,,,,,CC[C@@H](c1cccc(O)c1)[C@@H](C)CN(C)C,KWTWDQCKEHXFFR-SMDDNHRTSA-N
Temazepam,https://psychonautwiki.org/wiki/Temazepam,Depressant,,,,,CN1C(=O)C(O)N=C(c2ccccc2)c2cc(Cl)ccc21,SEQDDYPDSLOBDC-UHFFFAOYSA-N
Theacrine,https://psychonautwiki.org/wiki/Theacrine,Stimulants,Nootropic,,,,Cn1c(=O)c2c(n(C)c1=O)n(C)c(=O)n2C,QGDOQULISIQFHQ-UHFFFAOYSA-N
Theanine,https://psychonautwiki.org/wiki/Theanine,Nootropic,,,,,CCNC(=O)CC[C@H](N)C(=O)O,DATAGRPVKZEWHA-YFKPBYRVSA-N
Thebaine,https://psychonautwiki.org/wiki/Thebaine,,,,,,COC1=CC=C2[C@H]3Cc4ccc(OC)c5c4[C@@]2(CCN3C)[C@H]1O5,FQXXSQDCDRQNQE-VMDGZTHMSA-N
Tramadol,https://psychonautwiki.org/wiki/Tramadol,Opioids,,,,,COc1cccc([C@@]2(O)CCCC[C@@H]2CN(C)C)c1,TVYLLZQTGLZFBW-ZBFHGGJFSA-N
Tryptamine (compound),https://psychonautwiki.org/wiki/Tryptamine_(compound),,,,,T,NCCc1c[nH]c2ccccc12,APJYDQYYACXCRM-UHFFFAOYSA-N
Tyrosine,https://psychonautwiki.org/wiki/Tyrosine,Stimulants,,,,,N[C@@H](Cc1ccc(O)cc1)C(=O)O,OUYCCCASQSFEME-QMMMGPOBSA-N
U-47700,https://psychonautwiki.org/wiki/U-47700,Opioids,,,,,CN(C)[C@@H]1CCCC[C@H]1N(C)C(=O)c1ccc(Cl)c(Cl)c1,JGPNMZWFVRQNGU-HUUCEWRRSA-N
Zolpidem,https://psychonautwiki.org/wiki/Zolpidem,Hallucinogens,Depressant,,,,Cc1ccc(-c2nc3ccc(C)cn3c2CC(=O)N(C)C)cc1,ZAFYATHCZYHLPB-UHFFFAOYSA-N
Zopiclone,https://psychonautwiki.org/wiki/Zopiclone,Hallucinogens,Depressant,,,,CN1CCN(C(=O)OC2c3nccnc3C(=O)N2c2ccc(Cl)cn2)CC1,GBBSUAFBMRNDJC-UHFFFAOYSA-N
AMT,https://psychonautwiki.org/wiki/%CE%91MT,Psychedelics,Entactogens,,,T,CC(N)Cc1c[nH]c2ccccc12,QSQQQURBVYWZKJ-UHFFFAOYSA-N
Bk-2C-B,https://psychonautwiki.org/wiki/%CE%92k-2C-B,Psychedelics,,,,,COc1cc(C(=O)CN)c(OC)cc1Br,HFYJGAIOBIDRPX-UHFFFAOYSA-N
4-AcO-DiPT,https://psychonautwiki.org/wiki/4-AcO-DiPT,Psychedelics,,,,,CC(=O)Oc1cccc2[nH]cc(CCN(C(C)C)C(C)C)c12,ZPAOVGZYDSXCPK-UHFFFAOYSA-N
4-HO-DET,https://psychonautwiki.org/wiki/4-HO-DET,Psychedelics,,,,T,CCN(CC)CCc1c[nH]c2cccc(O)c12,OHHYMKDBKJPILO-UHFFFAOYSA-N
4-HO-DPT,https://psychonautwiki.org/wiki/4-HO-DPT,Psychedelics,,,,T,CCCN(CCC)CCc1c[nH]c2cccc(O)c12,MZLRMPTVOVJXLW-UHFFFAOYSA-N
Serotonin,https://psychonautwiki.org/wiki/Serotonin,,,,,,NCCc1c[nH]c2ccc(O)cc12,QZAYGJVTTNCVMB-UHFFFAOYSA-N
Bufotenin,https://psychonautwiki.org/wiki/5-HO-DMT,Psychedelics,,,,T,CN(C)CCc1c[nH]c2ccc(O)cc12,VTTONGPRPXSUTJ-UHFFFAOYSA-N
5-MeO-DiPT,https://psychonautwiki.org/wiki/5-MeO-DiPT,Psychedelics,,,,T,COc1ccc2[nH]cc(CCN(C(C)C)C(C)C)c2c1,DNBPMBJFRRVTSJ-UHFFFAOYSA-N
5-Hydroxytryptophan,https://psychonautwiki.org/wiki/5-HTP,Nootropic,,,,,N[C@@H](Cc1c[nH]c2ccc(O)cc12)C(=O)O,LDCYZAJDBXYCGN-VIFPVBQESA-N
Isopropylphenidate,https://psychonautwiki.org/wiki/Isopropylphenidate,Stimulants,,,,,CC(C)OC(=O)C(c1ccccc1)C1CCCCN1,AZVPADMEIMLODT-UHFFFAOYSA-N
"3,4-CTMP","https://psychonautwiki.org/wiki/3,4-CTMP",Stimulants,,,,,COC(=O)C(c1ccc(Cl)c(Cl)c1)C1CCCCN1,JUKMAYKVHWKRKY-UHFFFAOYSA-N
Proscaline,https://psychonautwiki.org/wiki/Proscaline,Psychedelics,,,,,CCCOc1c(OC)cc(CCN)cc1OC,HYWLMSUAZVDUFW-UHFFFAOYSA-N
AL,https://isomerdesign.com/PiHKAL/explore.php?domain=tk&id=2&name=AL,,,,,P,C=CCOc1c(OC)cc(CCN)cc1OC,JNUAYHHGCXYBHX-UHFFFAOYSA-N
N-Ethylhexedrone,https://psychonautwiki.org/wiki/Hexen,Stimulants,,,,,CCCCC(NCC)C(=O)c1ccccc1,CWNKMHIETKEBCA-UHFFFAOYSA-N
A-PHP,https://psychonautwiki.org/wiki/A-PHP,Stimulants,,,,,CCCCC(C(=O)c1ccccc1)N1CCCC1,KYIJLDDXQWBNGX-UHFFFAOYSA-N
MDPV,https://psychonautwiki.org/wiki/MDPV,Stimulants,Entactogens,,,,CCCC(C(=O)c1ccc2c(c1)OCO2)N1CCCC1,SYHGEUNFJIGTRX-UHFFFAOYSA-N
Bromo-DragonFLY,https://psychonautwiki.org/wiki/Bromo-DragonFLY,Psychedelics,,,,,CC(N)Cc1c2ccoc2c(Br)c2ccoc12,GIKPTWKWYXCBEC-UHFFFAOYSA-N
PRO-LAD,https://psychonautwiki.org/wiki/PRO-LAD,Psychedelics,,,,T,CCCN1C[C@H](C(=O)N(CC)CC)C=C2c3cccc4[nH]cc(c34)C[C@H]21,HZKYLVLOBYNKKM-OXQOHEQNSA-N
MiPLA,https://psychonautwiki.org/wiki/MIPLA,Psychedelics,,,,,CC(C)N(C)C(=O)C1C=C2c3cccc4[nH]cc(c34)CC2N(C)C1,ROICYBLUWUMJFF-UHFFFAOYSA-N
ETH-LAD,https://psychonautwiki.org/wiki/ETH-LAD,Psychedelics,,,,T,CCN(CC)C(=O)[C@@H]1C=C2c3cccc4[nH]cc(c34)C[C@H]2N(CC)C1,MYNOUXJLOHVSMQ-DNVCBOLYSA-N
AL-LAD,https://psychonautwiki.org/wiki/AL-LAD,Psychedelics,,,,T,C=CCN1C[C@H](C(=O)N(CC)CC)C=C2c3cccc4[nH]cc(c34)C[C@H]21,JCQLEPDZFXGHHQ-OXQOHEQNSA-N
1P-ETH-LAD,https://psychonautwiki.org/wiki/1P-ETH-LAD,Psychedelics,,,,,CCC(=O)n1cc2c3c(cccc31)C1=C[C@@H](C(=O)N(CC)CC)CN(CC)[C@@H]1C2,MLOFCBXSOAYCIF-DYESRHJHSA-N
MET,https://psychonautwiki.org/wiki/MET,Psychedelics,,,,,CCN(C)CCc1c[nH]c2ccccc12,MYEGVMLMDWYPOA-UHFFFAOYSA-N
EPT,https://psychonautwiki.org/wiki/EPT,Psychedelics,,,,,CCCN(CC)CCc1c[nH]c2ccccc12,LCDYRMYSOIVPRS-UHFFFAOYSA-N
4-HO-DiPT,https://psychonautwiki.org/wiki/4-HO-DiPT,Psychedelics,,,,T,CC(C)N(CCc1c[nH]c2cccc(O)c12)C(C)C,KBRYKXCBGISXQV-UHFFFAOYSA-N
2C-T-21,https://psychonautwiki.org/wiki/2C-T-21,Psychedelics,,,,P,COc1cc(SCCF)c(OC)cc1CCN,ZBUUUKBTOCTOPW-UHFFFAOYSA-N
2C-T-7,https://psychonautwiki.org/wiki/2C-T-7,Psychedelics,,,,P,CCCSc1cc(OC)c(CCN)cc1OC,OLEVEPDJOFPJTF-UHFFFAOYSA-N
DOI,https://psychonautwiki.org/wiki/DOI,Psychedelics,,,,P,COc1cc(CC(C)N)c(OC)cc1I,BGMZUEKZENQUJY-UHFFFAOYSA-N
DOM,https://psychonautwiki.org/wiki/DOM,Psychedelics,,,,P,COc1cc(C[C@@H](C)N)c(OC)cc1C,NTJQREUGJKIARY-SECBINFHSA-N
2-Me-DET,https://isomerdesign.com/PiHKAL/explore.php?domain=tk&id=5033&name=2-Me-DET,,,,,T,CCN(CC)CCc1c(C)[nH]c2ccccc12,VVUATPWGKMGHGM-UHFFFAOYSA-N
25E-NBOH,,,,,,,CCc1cc(OC)c(CCNCc2ccccc2O)cc1OC,SYBINTRPEZWFLZ-UHFFFAOYSA-N
25E-NBOMe,,,,,,,CCc1cc(OC)c(CCNCc2ccccc2OC)cc1OC,PXDVGFGXPVCNAB-UHFFFAOYSA-N
25G-NBOMe,,,,,,,COc1ccccc1CNCCc1cc(OC)c(C)c(C)c1OC,VDAUMFACIMNTDA-UHFFFAOYSA-N
25H-NBOMe,,,,,,,COc1ccc(OC)c(CCNCc2ccccc2OC)c1,RMLXCDMTGWSEOU-UHFFFAOYSA-N
25P-NBOMe,,,,,,,CCCc1cc(OC)c(CCNCc2ccccc2OC)cc1OC,QHEBYIJRKGDFGH-UHFFFAOYSA-N
25iP-NBOMe,,,,,,,COc1cc(C(C)C)c(OC)cc1CCNCc1ccccc1OC,KMZZEEDFQLXSQF-UHFFFAOYSA-N
2C-G,,,,,,P,COc1cc(CCN)c(OC)c(C)c1C,NFOHGLKGLZIHJQ-UHFFFAOYSA-N
2C-TFM,,,,,,,COc1cc(C(F)(F)F)c(OC)cc1CCN,LYXGNMLWYONZID-UHFFFAOYSA-N
2C-iP,,,,,,,COc1cc(C(C)C)c(OC)cc1CCN,XUGPCRRUMVWELT-UHFFFAOYSA-N
3-Methylamphetamine,,,,,,,Cc1cccc(CC(C)N)c1,KCTJOEASAHXBBW-UHFFFAOYSA-N
3C-P,,,,,,,CCCOc1c(OC)cc(CC(C)N)cc1OC,KKMCHCCXGKYEKJ-UHFFFAOYSA-N
4-HO-MT,,,,,,,CC(N)Cc1c[nH]c2cccc(O)c12,BYMNOLWNRCZVLJ-UHFFFAOYSA-N
4-Me-MT,,,,,,,Cc1cccc2[nH]cc(CC(C)N)c12,KEOYEGHPRBDSKD-UHFFFAOYSA-N
4-MeO-DMT,,,,,,,COc1cccc2[nH]cc(CCN(C)C)c12,HFYHBTWTJDAYGW-UHFFFAOYSA-N
4-MeO-MiPT,https://isomerdesign.com/PiHKAL/explore.php?domain=tk&id=5039&name=4-MeO-MIPT,,,,,T,COc1cccc2[nH]cc(CCN(C)C(C)C)c12,BJIWLHLNPTWSGD-UHFFFAOYSA-N
4-Methylamphetamine,,,,,,,Cc1ccc(CC(C)N)cc1,ZDHZDWSHLNBTEB-UHFFFAOYSA-N
4-Methylmethylphenidate,,,,,,,COC(=O)C(c1ccc(C)cc1)C1CCCCN1,WJZNCJIOIACDBR-UHFFFAOYSA-N
4C-B,,,,,,,CCC(N)Cc1cc(OC)c(Br)cc1OC,QQPRORAZQWLMTQ-UHFFFAOYSA-N
4C-T-2,,,,,,,CCSc1cc(OC)c(CC(N)CC)cc1OC,KLAWPCIXPDTGCZ-UHFFFAOYSA-N
"5,6-MeO-MiPT","https://isomerdesign.com/PiHKAL/explore.php?domain=tk&id=5041&name=5,6-MeO-MIPT",,,,,T,COc1cc2[nH]cc(CCN(C)C(C)C)c2cc1OC,XXWWFLAMFUOAQG-UHFFFAOYSA-N
5-Chloro-MT,,,,,,,CC(N)Cc1c[nH]c2ccc(Cl)cc12,QMKOQSCXSYPIPB-UHFFFAOYSA-N
5-Fluoro-DMT,,,,,,,CN(C)CCc1c[nH]c2ccc(F)cc12,BXYDWQABVPBLBU-UHFFFAOYSA-N
5-IT,,,,,,,CC(N)Cc1ccc2[nH]ccc2c1,AULGMISRJWGTBA-UHFFFAOYSA-N
5-MeO-AET,,,,,,,CCC(N)Cc1c[nH]c2ccc(OC)cc12,JHTPCKWBFLMJMQ-UHFFFAOYSA-N
5-MeO-DET,https://isomerdesign.com/PiHKAL/explore.php?domain=tk&id=5036&name=5-MeO-DET,,,,,T,CCN(CC)CCc1c[nH]c2ccc(OC)cc12,KGDVJQQWCDDEPP-UHFFFAOYSA-N
5-MeO-DPT,,,,,,,CCCN(CCC)CCc1c[nH]c2ccc(OC)cc12,PNHPVNBKLQWBKH-UHFFFAOYSA-N
5-MeO-NMT,https://isomerdesign.com/PiHKAL/explore.php?domain=tk&id=5042&name=5-MeO-NMT,,,,,T,CNCCc1c[nH]c2ccc(OC)cc12,NFDDCRIHMZGWBP-UHFFFAOYSA-N
5-MeO-aMT,,,,,,,COc1ccc2[nH]cc(C[C@H](C)N)c2c1,OGNJZVNNKBZFRM-QMMMGPOBSA-N
5-MeO-pyr-T,https://isomerdesign.com/PiHKAL/explore.php?domain=tk&id=5043&name=5-MeO-pyr-T,,,,,T,COc1ccc2[nH]cc(CCN3CCCC3)c2c1,KAASYKNZNPWPQG-UHFFFAOYSA-N
5-MeS-DMT,https://isomerdesign.com/PiHKAL/explore.php?domain=tk&id=5046&name=5-MeS-DMT,,,,,T,CSc1ccc2[nH]cc(CCN(C)C)c2c1,YOGJZQGRTVMCPY-UHFFFAOYSA-N
6-MeO-THH,https://isomerdesign.com/PiHKAL/explore.php?domain=tk&id=5044&name=6-MeO-THH,,,,,T,COc1ccc2c(c1)c1CCNC(c1[nH]2)C,RDUORFDQRFHYBF-UHFFFAOYSA-N
Allobarbital,,,,,,,C=CCC1(CC=C)C(=O)NC(=O)NC1=O,FDQGNLOWMMVRQL-UHFFFAOYSA-N
"Alpha,N-DMT","https://isomerdesign.com/PiHKAL/explore.php?domain=tk&id=5008&name=%CE%B1,N-DMT",,,,,T,CNC(C)Cc1c[nH]c2ccccc12,HUWIYJREHSBOEO-UHFFFAOYSA-N
Alphenal,,,,,,,C=CCC1(c2ccccc2)C(=O)NC(=O)NC1=O,WOIGZSBYKGQJGL-UHFFFAOYSA-N
Aminorex,,,,,,,NC1=NCC(c2ccccc2)O1,SYAKTDIEAPMBAL-UHFFFAOYSA-N
Amobarbital,,,,,,,CCC1(CCC(C)C)C(=O)NC(=O)NC1=O,VIROVYVQCGLCII-UHFFFAOYSA-N
Aprobarbital,,,,,,,C=CCC1(C(C)C)C(=O)NC(=O)NC1=O,UORJNBVJVRLXMQ-UHFFFAOYSA-N
Barbital,,,,,,,CCC1(CC)C(=O)NC(=O)NC1=O,FTOAOBMCPZCFFF-UHFFFAOYSA-N
Barbituric acid,,,,,,,O=C1CC(=O)NC(=O)N1,HNYOPLTXPVRDBG-UHFFFAOYSA-N
Benzphetamine,,,,,,,C[C@@H](Cc1ccccc1)N(C)Cc1ccccc1,YXKTVDFXDRQTKV-HNNXBMFYSA-N
Brallobarbital,,,,,,,C=CCC1(CC(=C)Br)C(=O)NC(=O)NC1=O,DYODAJAEQDVYFX-UHFFFAOYSA-N
Buphedrone,,,,,,,CCC(NC)C(=O)c1ccccc1,DDPMGIMJSRUULN-UHFFFAOYSA-N
Bupropion,,,,,,,CC(NC(C)(C)C)C(=O)c1cccc(Cl)c1,SNPPWIUOZRMYNY-UHFFFAOYSA-N
Butabarbital,,,,,,,CCC(C)C1(CC)C(=O)NC(=O)NC1=O,ZRIHAIZYIMGOAB-UHFFFAOYSA-N
Butalbital,,,,,,,C=CCC1(CC(C)C)C(=O)NC(=O)NC1=O,UZVHFVZFNXBMQJ-UHFFFAOYSA-N
Cathine,,,,,,,C[C@H](N)[C@@H](O)c1ccccc1,DLNKOYKMWOXYQA-IONNQARKSA-N
Cathinone,,,,,,,C[C@H](N)C(=O)c1ccccc1,PUAQLLVFLMYYJJ-ZETCQYMHSA-N
Clobenzorex,,,,,,,CC(Cc1ccccc1)NCc1ccccc1Cl,LRXXRIXDSAEIOR-UHFFFAOYSA-N
Clominorex,,,,,,,NC1=NCC(c2ccc(Cl)cc2)O1,HAHOPPGVHWVBRR-UHFFFAOYSA-N
DMMDA,,,,,,P,COc1cc(CC(C)N)c(OC)c2c1OCO2,GRGRGLVMGTVCNZ-UHFFFAOYSA-N
Dimethylamphetamine,,,,,,,CC(Cc1ccccc1)N(C)C,OBDSVYOSYSKVMX-UHFFFAOYSA-N
Doxylamine,,,,,,,CN(C)CCOC(C)(c1ccccc1)c1ccccn1,HCFDWZZGGLSKEP-UHFFFAOYSA-N
Eutylone,,,,,,,CCNC(CC)C(=O)c1ccc2c(c1)OCO2,YERSNXHEOIYEGX-UHFFFAOYSA-N
Fenfluramine,,,,,,,CCNC(C)Cc1cccc(C(F)(F)F)c1,DBGIVFWFUFKIQN-UHFFFAOYSA-N
Fenozolone,,,,,,,CCNC1=NC(=O)C(c2ccccc2)O1,RXOIEVSUURELPG-UHFFFAOYSA-N
Fluminorex,,,,,,,NC1=NCC(c2ccc(C(F)(F)F)cc2)O1,NMGYDYBWRZHLHR-UHFFFAOYSA-N
Hexobarbital,,,,,,,CN1C(=O)NC(=O)C(C)(C2=CCCCC2)C1=O,UYXAWHWODHRRMR-UHFFFAOYSA-N
IDNNA,,,,,,P,COc1cc(CC(C)N(C)C)c(OC)cc1I,XBCUSBRGRALQID-UHFFFAOYSA-N
Isopropylamphetamine,,,,,,,CC(C)NC(C)Cc1ccccc1,PJXXJRMRHFYMEY-UHFFFAOYSA-N
MDPHP,,,,,,,CCCCC(C(=O)c1ccc2c(c1)OCO2)N1CCCC1,OBLFRFGUZZRECT-UHFFFAOYSA-N
Methcathinone,,,,,,,CNC(C)C(=O)c1ccccc1,LPLLVINFLBSFRP-UHFFFAOYSA-N
Muscimol,,,,,,,NCc1cc(O)no1,ZJQHPWUVQPJPQT-UHFFFAOYSA-N
Norfenfluramine,,,,,,,CC(N)Cc1cccc(C(F)(F)F)c1,MLBHFBKZUPLWBD-UHFFFAOYSA-N
Ortetamine,,,,,,,Cc1ccccc1CC(C)N,ZEMQBDFHXOOXLY-UHFFFAOYSA-N
Pemoline,,,,,,,NC1=NC(=O)C(c2ccccc2)O1,NRNCYVBFPDDJNE-UHFFFAOYSA-N
Pentylone,,,,,,,CCCC(NC)C(=O)c1ccc2c(c1)OCO2,DFMLULIEUUXXSA-UHFFFAOYSA-N
Phenmetrazine,,,,,,,CC1NCCOC1c1ccccc1,OOBHFESNSZDWIU-UHFFFAOYSA-N
Propylamphetamine,,,,,,,CCCc1ccccc1CC(C)N,VMVXCJCVBKWYTF-UHFFFAOYSA-N
Propylphenidate,,,,,,,CCCOC(=O)C(c1ccccc1)C1CCCCN1,PRMWWEANNQSWAR-UHFFFAOYSA-N
Proxibarbital,,,,,,,C=CCC1(CC(C)O)C(=O)NC(=O)NC1=O,VNLMRPAWAMPLNZ-UHFFFAOYSA-N
Selegiline,,,,,,,C#CCN(C)[C@H](C)Cc1ccccc1,MEZLKOACVSPNER-GFCCVEGCSA-N
Thozalinone,,,,,,,CN(C)C1=NC(=O)C(c2ccccc2)O1,JJSHYECKYLDYAR-UHFFFAOYSA-N
UR-144,,,,,,,CCCCCn1cc(C(=O)C2C(C)(C)C2(C)C)c2ccccc21,NBMMIBNZVQFQEO-UHFFFAOYSA-N
Xylopropamine,,,,,,,Cc1ccc(CC(C)N)cc1C,ZSZUWPRERIPUBM-UHFFFAOYSA-N
Zaleplon,,,,,,,CCN(C(C)=O)c1cccc(-c2ccnc3c(C#N)cnn23)c1,HUNXMJYCHXQEGX-UHFFFAOYSA-N
2C-T-4,,,,,,P,COc1cc(SC(C)C)c(OC)cc1CCN,HDYZSVKZKDPLDT-UHFFFAOYSA-N
2C-T-8,,,,,,P,COc1cc(SCC2CC2)c(OC)cc1CCN,AHMSSHCYIDBVQB-UHFFFAOYSA-N
2C-T-13,,,,,,P,COCCSc1cc(OC)c(CCN)cc1OC,PYJLRNOGMKMRTK-UHFFFAOYSA-N
2C-T-15,,,,,,P,COc1cc(SC2CC2)c(OC)cc1CCN,HHAPMOUVSYQKLK-UHFFFAOYSA-N
2C-T-16,,,,,,,C=CCSc1cc(OC)c(CCN)cc1OC,BXCMEIZBXNLJKM-UHFFFAOYSA-N
2C-T-17,,,,,,P,CCC(C)Sc1cc(OC)c(CCN)cc1OC,KSZHVRPGICAZOA-UHFFFAOYSA-N
