name,url,class0,class1,class2,smiles,shulgin,can
AEM,https://isomerdesign.com/PiHKAL/explore.php?domain=tk&id=1&name=AEM,,,,CCC(Cc1cc(OC)c(c(c1)OC)OC)N,P,CCC(N)Cc1cc(OC)c(OC)c(OC)c1
AL,https://isomerdesign.com/PiHKAL/explore.php?domain=tk&id=2&name=AL,,,,NCCc1cc(OC)c(c(c1)OC)OCC=C,P,C=CCOc1c(OC)cc(CCN)cc1OC
ALEPH,https://isomerdesign.com/PiHKAL/explore.php?domain=tk&id=3&name=ALEPH,,,,COc1cc(SC)c(cc1CC(N)C)OC,P,COc1cc(SC)c(OC)cc1CC(C)N
ALEPH-2,https://isomerdesign.com/PiHKAL/explore.php?domain=tk&id=4&name=ALEPH-2,,,,CCSc1cc(OC)c(cc1OC)CC(N)C,P,CCSc1cc(OC)c(CC(C)N)cc1OC
ALEPH-4,https://isomerdesign.com/PiHKAL/explore.php?domain=tk&id=5&name=ALEPH-4,,,,COc1cc(SC(C)C)c(cc1CC(N)C)OC,P,COc1cc(SC(C)C)c(OC)cc1CC(C)N
ALEPH-6,https://isomerdesign.com/PiHKAL/explore.php?domain=tk&id=6&name=ALEPH-6,,,,COc1cc(CC(N)C)c(cc1Sc1ccccc1)OC,P,COc1cc(Sc2ccccc2)c(OC)cc1CC(C)N
ALEPH-7,https://isomerdesign.com/PiHKAL/explore.php?domain=tk&id=7&name=ALEPH-7,,,,CCCSc1cc(OC)c(cc1OC)CC(N)C,P,CCCSc1cc(OC)c(CC(C)N)cc1OC
ARIADNE,https://isomerdesign.com/PiHKAL/explore.php?domain=tk&id=8&name=ARIADNE,,,,CCC(Cc1cc(OC)c(cc1OC)C)N,P,CCC(N)Cc1cc(OC)c(C)cc1OC
ASB,https://isomerdesign.com/PiHKAL/explore.php?domain=tk&id=9&name=ASB,,,,NCCc1cc(OCC)c(c(c1)OC)OCC,P,CCOc1cc(CCN)cc(OC)c1OCC
B,https://isomerdesign.com/PiHKAL/explore.php?domain=tk&id=10&name=Buscaline,,,,CCCCOc1c(OC)cc(cc1OC)CCN,P,CCCCOc1c(OC)cc(CCN)cc1OC
BEATRICE,https://isomerdesign.com/PiHKAL/explore.php?domain=tk&id=11&name=BEATRICE,,,,CNC(Cc1cc(OC)c(cc1OC)C)C,P,CNC(C)Cc1cc(OC)c(C)cc1OC
BIS-TOM,https://isomerdesign.com/PiHKAL/explore.php?domain=tk&id=12&name=BIS-TOM,,,,CSc1cc(C)c(cc1CC(N)C)SC,P,CSc1cc(CC(C)N)c(SC)cc1C
BOB,https://isomerdesign.com/PiHKAL/explore.php?domain=tk&id=13&name=BOB,,,,COC(c1cc(OC)c(cc1OC)Br)CN,P,COc1cc(C(CN)OC)c(OC)cc1Br
BOD,https://isomerdesign.com/PiHKAL/explore.php?domain=tk&id=14&name=BOD,,,,COC(c1cc(OC)c(cc1OC)C)CN,P,COc1cc(C(CN)OC)c(OC)cc1C
BOH,https://isomerdesign.com/PiHKAL/explore.php?domain=tk&id=15&name=BOH,,,,COC(c1ccc2c(c1)OCO2)CN,P,COC(CN)c1ccc2c(c1)OCO2
BOHD,https://isomerdesign.com/PiHKAL/explore.php?domain=tk&id=16&name=BOHD,,,,NCC(c1cc(OC)c(cc1OC)C)O,P,COc1cc(C(O)CN)c(OC)cc1C
BOM,https://isomerdesign.com/PiHKAL/explore.php?domain=tk&id=17&name=BOM,,,,NCC(c1cc(OC)c(c(c1)OC)OC)OC,P,COc1cc(C(CN)OC)cc(OC)c1OC
"4-Br-3,5-DMA","https://isomerdesign.com/PiHKAL/explore.php?domain=tk&id=18&name=4-Br-3,5-DMA",,,,COc1cc(CC(N)C)cc(c1Br)OC,P,COc1cc(CC(C)N)cc(OC)c1Br
"2-Br-4,5-MDA","https://isomerdesign.com/PiHKAL/explore.php?domain=tk&id=19&name=2-Br-4,5-MDA",,,,CC(Cc1cc2OCOc2cc1Br)N,P,CC(N)Cc1cc2c(cc1Br)OCO2
3C-BZ,https://isomerdesign.com/PiHKAL/explore.php?domain=tk&id=21&name=3C-BZ,,,,COc1cc(CC(N)C)cc(c1OCc1ccccc1)OC,P,COc1cc(CC(C)N)cc(OC)c1OCc1ccccc1
2C-F,https://isomerdesign.com/PiHKAL/explore.php?domain=tk&id=26&name=2C-F,,,,NCCc1cc(OC)c(cc1OC)F,P,COc1cc(CCN)c(OC)cc1F
2C-G-3,https://isomerdesign.com/PiHKAL/explore.php?domain=tk&id=28&name=2C-G-3,,,,NCCc1cc(OC)c2c(c1OC)CCC2,P,COc1cc(CCN)c(OC)c2c1CCC2
2C-G-4,https://isomerdesign.com/PiHKAL/explore.php?domain=tk&id=29&name=2C-G-4,,,,NCCc1cc(OC)c2c(c1OC)CCCC2,P,COc1cc(CCN)c(OC)c2c1CCCC2
2C-G-5,https://isomerdesign.com/PiHKAL/explore.php?domain=tk&id=30&name=2C-G-5,,,,NCCc1cc(OC)c2c(c1OC)C1CCC2C1,P,COc1cc(CCN)c(OC)c2c1C1CCC2C1
2C-G-N,https://isomerdesign.com/PiHKAL/explore.php?domain=tk&id=31&name=2C-G-N,,,,NCCc1cc(OC)c2c(c1OC)cccc2,P,COc1cc(CCN)c(OC)c2ccccc12
2C-N,https://isomerdesign.com/PiHKAL/explore.php?domain=tk&id=34&name=2C-N,,,,NCCc1cc(OC)c(cc1OC)N(=O)=O,P,COc1cc([N+](=O)[O-])c(OC)cc1CCN
2C-O-4,https://isomerdesign.com/PiHKAL/explore.php?domain=tk&id=35&name=2C-O-4,,,,NCCc1cc(OC)c(cc1OC)OC(C)C,P,COc1cc(OC(C)C)c(OC)cc1CCN
CPM,https://isomerdesign.com/PiHKAL/explore.php?domain=tk&id=37&name=CPM,,,,NCCc1cc(OC)c(c(c1)OC)OCC1CC1,P,COc1cc(CCN)cc(OC)c1OCC1CC1
2C-SE,https://isomerdesign.com/PiHKAL/explore.php?domain=tk&id=38&name=2C-SE,,,,NCCc1cc(OC)c(cc1OC)[Se]C,P,COc1cc([Se]C)c(OC)cc1CCN
2C-T,https://isomerdesign.com/PiHKAL/explore.php?domain=tk&id=39&name=2C-T,,,,NCCc1cc(OC)c(cc1OC)SC,P,COc1cc(SC)c(OC)cc1CCN
psi-2C-T-4,https://isomerdesign.com/PiHKAL/explore.php?domain=tk&id=42&name=%CF%88-2C-T-4,,,,NCCc1c(OC)cc(cc1OC)SC(C)C,P,COc1cc(SC(C)C)cc(OC)c1CCN
2C-T-9,https://isomerdesign.com/PiHKAL/explore.php?domain=tk&id=45&name=2C-T-9,,,,NCCc1cc(OC)c(cc1OC)SC(C)(C)C,P,COc1cc(SC(C)(C)C)c(OC)cc1CCN
4-D,https://isomerdesign.com/PiHKAL/explore.php?domain=tk&id=50&name=4-D,,,,NCCc1cc(OC)c(c(c1)OC)OC([2H])([2H])[2H],P,[2H]C([2H])([2H])Oc1c(OC)cc(CCN)cc1OC
beta-D,https://isomerdesign.com/PiHKAL/explore.php?domain=tk&id=51&name=%CE%B2-D,,,,NCC(c1cc(OC)c(c(c1)OC)OC)([2H])[2H],P,[2H]C([2H])(CN)c1cc(OC)c(OC)c(OC)c1
DESOXY,https://isomerdesign.com/PiHKAL/explore.php?domain=tk&id=52&name=DESOXY,,,,NCCc1cc(OC)c(c(c1)OC)C,P,COc1cc(CCN)cc(OC)c1C
"2,4-DMA","https://isomerdesign.com/PiHKAL/explore.php?domain=tk&id=53&name=2,4-DMA",,,,COc1cc(OC)ccc1CC(N)C,P,COc1ccc(CC(C)N)c(OC)c1
"2,5-DMA","https://isomerdesign.com/PiHKAL/explore.php?domain=tk&id=54&name=2,5-DMA",,,,COc1ccc(c(c1)CC(N)C)OC,P,COc1ccc(OC)c(CC(C)N)c1
"3,4-DMA","https://isomerdesign.com/PiHKAL/explore.php?domain=tk&id=55&name=3,4-DMA",,,,COc1cc(ccc1OC)CC(N)C,P,COc1ccc(CC(C)N)cc1OC
DMCPA,https://isomerdesign.com/PiHKAL/explore.php?domain=tk&id=56&name=DMCPA,,,,COc1cc(C)c(cc1C1CC1N)OC,P,COc1cc(C2CC2N)c(OC)cc1C
DME,https://isomerdesign.com/PiHKAL/explore.php?domain=tk&id=57&name=DME,,,,NCC(c1ccc(c(c1)OC)OC)O,P,COc1ccc(C(O)CN)cc1OC
DMMDA-2,https://isomerdesign.com/PiHKAL/explore.php?domain=tk&id=59&name=DMMDA-2,,,,COc1c(CC(N)C)cc2c(c1OC)OCO2,P,COc1c(CC(C)N)cc2c(c1OC)OCO2
DMPEA,https://isomerdesign.com/PiHKAL/explore.php?domain=tk&id=60&name=DMPEA,,,,NCCc1ccc(c(c1)OC)OC,P,COc1ccc(CCN)cc1OC
DOAM,https://isomerdesign.com/PiHKAL/explore.php?domain=tk&id=61&name=DOAM,,,,CCCCCc1cc(OC)c(cc1OC)CC(N)C,P,CCCCCc1cc(OC)c(CC(C)N)cc1OC
DOBU,https://isomerdesign.com/PiHKAL/explore.php?domain=tk&id=63&name=DOBU,,,,CCCCc1cc(OC)c(cc1OC)CC(N)C,P,CCCCc1cc(OC)c(CC(C)N)cc1OC
DOEF,https://isomerdesign.com/PiHKAL/explore.php?domain=tk&id=65&name=DOEF,,,,FCCc1cc(OC)c(cc1OC)CC(N)C,P,COc1cc(CC(C)N)c(OC)cc1CCF
DOET,https://isomerdesign.com/PiHKAL/explore.php?domain=tk&id=66&name=DOET,,,,COc1cc(CC)c(cc1CC(N)C)OC,P,CCc1cc(OC)c(CC(C)N)cc1OC
psi-DOM,https://isomerdesign.com/PiHKAL/explore.php?domain=tk&id=69&name=%CF%88-DOM,,,,COc1cc(C)cc(c1CC(N)C)OC,P,COc1cc(C)cc(OC)c1CC(C)N
DON,https://isomerdesign.com/PiHKAL/explore.php?domain=tk&id=70&name=DON,,,,COc1cc(N(=O)=O)c(cc1CC(N)C)OC,P,COc1cc([N+](=O)[O-])c(OC)cc1CC(C)N
DOPR,https://isomerdesign.com/PiHKAL/explore.php?domain=tk&id=71&name=DOPR,,,,CCCc1cc(OC)c(cc1OC)CC(N)C,P,CCCc1cc(OC)c(CC(C)N)cc1OC
EEE,https://isomerdesign.com/PiHKAL/explore.php?domain=tk&id=73&name=EEE,,,,CCOc1cc(OCC)c(cc1CC(N)C)OCC,P,CCOc1cc(OCC)c(OCC)cc1CC(C)N
EEM,https://isomerdesign.com/PiHKAL/explore.php?domain=tk&id=74&name=EEM,,,,CCOc1cc(OCC)c(cc1CC(N)C)OC,P,CCOc1cc(OCC)c(OC)cc1CC(C)N
EME,https://isomerdesign.com/PiHKAL/explore.php?domain=tk&id=3859&name=EME,,,,COC(=O)[C@H]1[C@@H](O)CC2N(C1CC2)C,P,COC(=O)[C@@H]1C2CCC(C[C@@H]1O)N2C
EMM,https://isomerdesign.com/PiHKAL/explore.php?domain=tk&id=76&name=EMM,,,,CCOc1cc(OC)c(cc1CC(N)C)OC,P,CCOc1cc(OC)c(OC)cc1CC(C)N
ETHYL-J,https://isomerdesign.com/PiHKAL/explore.php?domain=tk&id=77&name=ETHYL-J,,,,CCNC(Cc1ccc2c(c1)OCO2)CC,P,CCNC(CC)Cc1ccc2c(c1)OCO2
ETHYL-K,https://isomerdesign.com/PiHKAL/explore.php?domain=tk&id=78&name=ETHYL-K,,,,CCCC(Cc1ccc2c(c1)OCO2)NCC,P,CCCC(Cc1ccc2c(c1)OCO2)NCC
F-2,https://isomerdesign.com/PiHKAL/explore.php?domain=tk&id=79&name=F-2,,,,COc1cc2CC(Oc2cc1CC(N)C)C,P,COc1cc2c(cc1CC(C)N)OC(C)C2
F-22,https://isomerdesign.com/PiHKAL/explore.php?domain=tk&id=80&name=F-22,,,,COc1cc2CC(Oc2cc1CC(N)C)(C)C,P,COc1cc2c(cc1CC(C)N)OC(C)(C)C2
FLEA,https://isomerdesign.com/PiHKAL/explore.php?domain=tk&id=81&name=FLEA,,,,CN(C(Cc1ccc2c(c1)OCO2)C)O,P,CC(Cc1ccc2c(c1)OCO2)N(C)O
G-3,https://isomerdesign.com/PiHKAL/explore.php?domain=tk&id=82&name=G-3,,,,COc1cc(CC(N)C)c(c2c1CCC2)OC,P,COc1cc(CC(C)N)c(OC)c2c1CCC2
G-4,https://isomerdesign.com/PiHKAL/explore.php?domain=tk&id=83&name=G-4,,,,COc1cc(CC(N)C)c(c2c1CCCC2)OC,P,COc1cc(CC(C)N)c(OC)c2c1CCCC2
G-5,https://isomerdesign.com/PiHKAL/explore.php?domain=tk&id=84&name=G-5,,,,COc1cc(CC(N)C)c(c2c1C1CCC2C1)OC,P,COc1cc(CC(C)N)c(OC)c2c1C1CCC2C1
GANESHA,https://isomerdesign.com/PiHKAL/explore.php?domain=tk&id=85&name=GANESHA,,,,COc1cc(CC(N)C)c(c(c1C)C)OC,P,COc1cc(CC(C)N)c(OC)c(C)c1C
G-N,https://isomerdesign.com/PiHKAL/explore.php?domain=tk&id=86&name=G-N,,,,COc1cc(CC(N)C)c(c2c1cccc2)OC,P,COc1cc(CC(C)N)c(OC)c2ccccc12
HOT-2,https://isomerdesign.com/PiHKAL/explore.php?domain=tk&id=87&name=HOT-2,,,,ONCCc1cc(OC)c(cc1OC)SCC,P,CCSc1cc(OC)c(CCNO)cc1OC
HOT-7,https://isomerdesign.com/PiHKAL/explore.php?domain=tk&id=88&name=HOT-7,,,,ONCCc1cc(OC)c(cc1OC)SCCC,P,CCCSc1cc(OC)c(CCNO)cc1OC
HOT-17,https://isomerdesign.com/PiHKAL/explore.php?domain=tk&id=89&name=HOT-17,,,,ONCCc1cc(OC)c(cc1OC)SC(CC)C,P,CCC(C)Sc1cc(OC)c(CCNO)cc1OC
IM,https://isomerdesign.com/PiHKAL/explore.php?domain=tk&id=91&name=IM,,,,NCCc1ccc(c(c1OC)OC)OC,P,COc1ccc(CCN)c(OC)c1OC
IP,https://isomerdesign.com/PiHKAL/explore.php?domain=tk&id=92&name=IP,,,,NCCc1cc(OC)c(c(c1)OC)OC(C)C,P,COc1cc(CCN)cc(OC)c1OC(C)C
IRIS,https://isomerdesign.com/PiHKAL/explore.php?domain=tk&id=93&name=IRIS,,,,CCOc1cc(CC(N)C)c(cc1C)OC,P,CCOc1cc(CC(C)N)c(OC)cc1C
J,"https://isomerdesign.com/PiHKAL/explore.php?domain=tk&id=94&name=%CE%B1-Ethyl-3,4-methylenedioxyphenethylamine",,,,CCC(Cc1ccc2c(c1)OCO2)N,P,CCC(N)Cc1ccc2c(c1)OCO2
LOPHOPHINE,https://isomerdesign.com/PiHKAL/explore.php?domain=tk&id=95&name=LOPHOPHINE,,,,NCCc1cc(OC)c2c(c1)OCO2,P,COc1cc(CCN)cc2c1OCO2
4-MA,https://isomerdesign.com/PiHKAL/explore.php?domain=tk&id=97&name=4-MA,,,,COc1ccc(cc1)CC(N)C,P,COc1ccc(CC(C)N)cc1
MADAM-6,https://isomerdesign.com/PiHKAL/explore.php?domain=tk&id=98&name=MADAM-6,,,,Cc1cc2OCOc2cc1CC(NC)C,P,CNC(C)Cc1cc2c(cc1C)OCO2
MAL,https://isomerdesign.com/PiHKAL/explore.php?domain=tk&id=99&name=MAL,,,,NCCc1cc(OC)c(c(c1)OC)OCC(=C)C,P,C=C(C)COc1c(OC)cc(CCN)cc1OC
MDAL,https://isomerdesign.com/PiHKAL/explore.php?domain=tk&id=101&name=MDAL,,,,C=CCNC(Cc1ccc2c(c1)OCO2)C,P,C=CCNC(C)Cc1ccc2c(c1)OCO2
MDBU,https://isomerdesign.com/PiHKAL/explore.php?domain=tk&id=102&name=MDBU,,,,CCCCNC(Cc1ccc2c(c1)OCO2)C,P,CCCCNC(C)Cc1ccc2c(c1)OCO2
MDBZ,https://isomerdesign.com/PiHKAL/explore.php?domain=tk&id=103&name=MDBZ,,,,CC(Cc1ccc2c(c1)OCO2)NCc1ccccc1,P,CC(Cc1ccc2c(c1)OCO2)NCc1ccccc1
MDCPM,https://isomerdesign.com/PiHKAL/explore.php?domain=tk&id=104&name=MDCPM,,,,CC(Cc1ccc2c(c1)OCO2)NCC1CC1,P,CC(Cc1ccc2c(c1)OCO2)NCC1CC1
MDDM,https://isomerdesign.com/PiHKAL/explore.php?domain=tk&id=105&name=MDDM,,,,CN(C(Cc1ccc2c(c1)OCO2)C)C,P,CC(Cc1ccc2c(c1)OCO2)N(C)C
MDHOET,https://isomerdesign.com/PiHKAL/explore.php?domain=tk&id=107&name=MDHOET,,,,OCCNC(Cc1ccc2c(c1)OCO2)C,P,CC(Cc1ccc2c(c1)OCO2)NCCO
MDIP,https://isomerdesign.com/PiHKAL/explore.php?domain=tk&id=108&name=MDIP,,,,CC(NC(Cc1ccc2c(c1)OCO2)C)C,P,CC(C)NC(C)Cc1ccc2c(c1)OCO2
MDMC,https://isomerdesign.com/PiHKAL/explore.php?domain=tk&id=110&name=MDMC,,,,CNC(Cc1ccc2c(c1)OCCO2)C,P,CNC(C)Cc1ccc2c(c1)OCCO2
MDMEO,https://isomerdesign.com/PiHKAL/explore.php?domain=tk&id=111&name=MDMEO,,,,CONC(Cc1ccc2c(c1)OCO2)C,P,CONC(C)Cc1ccc2c(c1)OCO2
MDMEOET,https://isomerdesign.com/PiHKAL/explore.php?domain=tk&id=112&name=MDMEOET,,,,COCCNC(Cc1ccc2c(c1)OCO2)C,P,COCCNC(C)Cc1ccc2c(c1)OCO2
MDMP,https://isomerdesign.com/PiHKAL/explore.php?domain=tk&id=113&name=MDMP,,,,CNC(Cc1ccc2c(c1)OCO2)(C)C,P,CNC(C)(C)Cc1ccc2c(c1)OCO2
MDOH,https://isomerdesign.com/PiHKAL/explore.php?domain=tk&id=114&name=MDOH,,,,ONC(Cc1ccc2c(c1)OCO2)C,P,CC(Cc1ccc2c(c1)OCO2)NO
MDPEA,https://isomerdesign.com/PiHKAL/explore.php?domain=tk&id=115&name=MDPEA,,,,NCCc1ccc2c(c1)OCO2,P,NCCc1ccc2c(c1)OCO2
MDPH,https://isomerdesign.com/PiHKAL/explore.php?domain=tk&id=116&name=MDPH,,,,CC(Cc1ccc2c(c1)OCO2)(N)C,P,CC(C)(N)Cc1ccc2c(c1)OCO2
MDPL,https://isomerdesign.com/PiHKAL/explore.php?domain=tk&id=117&name=MDPL,,,,C#CCNC(Cc1ccc2c(c1)OCO2)C,P,C#CCNC(C)Cc1ccc2c(c1)OCO2
MDPR,https://isomerdesign.com/PiHKAL/explore.php?domain=tk&id=118&name=MDPR,,,,CCCNC(Cc1ccc2c(c1)OCO2)C,P,CCCNC(C)Cc1ccc2c(c1)OCO2
ME,https://isomerdesign.com/PiHKAL/explore.php?domain=tk&id=119&name=ME,,,,NCCc1cc(OCC)c(c(c1)OC)OC,P,CCOc1cc(CCN)cc(OC)c1OC
MEDA,https://isomerdesign.com/PiHKAL/explore.php?domain=tk&id=120&name=MEDA,,,,COc1cc(CC(N)C)cc2c1OCCO2,P,COc1cc(CC(C)N)cc2c1OCCO2
MEE,https://isomerdesign.com/PiHKAL/explore.php?domain=tk&id=121&name=MEE,,,,CCOc1cc(CC(N)C)c(cc1OCC)OC,P,CCOc1cc(CC(C)N)c(OC)cc1OCC
MEM,https://isomerdesign.com/PiHKAL/explore.php?domain=tk&id=122&name=MEM,,,,CCOc1cc(OC)c(cc1OC)CC(N)C,P,CCOc1cc(OC)c(CC(C)N)cc1OC
MEPEA,https://isomerdesign.com/PiHKAL/explore.php?domain=tk&id=123&name=MEPEA,,,,NCCc1ccc(c(c1)OC)OCC,P,CCOc1ccc(CCN)cc1OC
META-DOB,https://isomerdesign.com/PiHKAL/explore.php?domain=tk&id=124&name=META-DOB,,,,COc1cc(OC)c(cc1CC(N)C)Br,P,COc1cc(OC)c(CC(C)N)cc1Br
META-DOT,https://isomerdesign.com/PiHKAL/explore.php?domain=tk&id=125&name=META-DOT,,,,COc1cc(OC)c(cc1CC(N)C)SC,P,COc1cc(OC)c(SC)cc1CC(C)N
METHYL-DMA,https://isomerdesign.com/PiHKAL/explore.php?domain=tk&id=126&name=METHYL-DMA,,,,CNC(Cc1cc(OC)ccc1OC)C,P,CNC(C)Cc1cc(OC)ccc1OC
METHYL-DOB,https://isomerdesign.com/PiHKAL/explore.php?domain=tk&id=127&name=METHYL-DOB,,,,CNC(Cc1cc(OC)c(cc1OC)Br)C,P,CNC(C)Cc1cc(OC)c(Br)cc1OC
METHYL-J,https://isomerdesign.com/PiHKAL/explore.php?domain=tk&id=128&name=METHYL-J,,,,CCC(Cc1ccc2c(c1)OCO2)NC,P,CCC(Cc1ccc2c(c1)OCO2)NC
METHYL-K,https://isomerdesign.com/PiHKAL/explore.php?domain=tk&id=129&name=METHYL-K,,,,CCCC(Cc1ccc2c(c1)OCO2)NC,P,CCCC(Cc1ccc2c(c1)OCO2)NC
METHYL-MA,https://isomerdesign.com/PiHKAL/explore.php?domain=tk&id=130&name=METHYL-MA,,,,CNC(Cc1ccc(cc1)OC)C,P,CNC(C)Cc1ccc(OC)cc1
METHYL-MMDA-2,https://isomerdesign.com/PiHKAL/explore.php?domain=tk&id=131&name=METHYL-MMDA-2,,,,CNC(Cc1cc2OCOc2cc1OC)C,P,CNC(C)Cc1cc2c(cc1OC)OCO2
MMDA,https://isomerdesign.com/PiHKAL/explore.php?domain=tk&id=132&name=MMDA,,,,COc1cc(CC(N)C)cc2c1OCO2,P,COc1cc(CC(C)N)cc2c1OCO2
MMDA-2,https://isomerdesign.com/PiHKAL/explore.php?domain=tk&id=133&name=MMDA-2,,,,COc1cc2OCOc2cc1CC(N)C,P,COc1cc2c(cc1CC(C)N)OCO2
MMDA-3a,https://isomerdesign.com/PiHKAL/explore.php?domain=tk&id=134&name=MMDA-3a,,,,COc1c(ccc2c1OCO2)CC(N)C,P,COc1c(CC(C)N)ccc2c1OCO2
MMDA-3b,https://isomerdesign.com/PiHKAL/explore.php?domain=tk&id=135&name=MMDA-3b,,,,COc1ccc(c2c1OCO2)CC(N)C,P,COc1ccc(CC(C)N)c2c1OCO2
MME,https://isomerdesign.com/PiHKAL/explore.php?domain=tk&id=136&name=MME,,,,CCOc1cc(CC(N)C)c(cc1OC)OC,P,CCOc1cc(CC(C)N)c(OC)cc1OC
MP,https://isomerdesign.com/PiHKAL/explore.php?domain=tk&id=137&name=MP,,,,CCCOc1cc(CCN)cc(c1OC)OC,P,CCCOc1cc(CCN)cc(OC)c1OC
MPM,https://isomerdesign.com/PiHKAL/explore.php?domain=tk&id=138&name=MPM,,,,CCCOc1cc(OC)c(cc1OC)CC(N)C,P,CCCOc1cc(OC)c(CC(C)N)cc1OC
ORTHO-DOT,https://isomerdesign.com/PiHKAL/explore.php?domain=tk&id=139&name=ORTHO-DOT,,,,COc1cc(CC(N)C)c(cc1OC)SC,P,COc1cc(CC(C)N)c(SC)cc1OC
P,https://isomerdesign.com/PiHKAL/explore.php?domain=tk&id=122&name=MEM,,,,CCOc1cc(OC)c(cc1OC)CC(N)C,P,CCOc1cc(OC)c(CC(C)N)cc1OC
PE,https://isomerdesign.com/PiHKAL/explore.php?domain=tk&id=141&name=PE,,,,NCCc1cc(OC)c(c(c1)OC)OCCc1ccccc1,P,COc1cc(CCN)cc(OC)c1OCCc1ccccc1
PEA,https://isomerdesign.com/PiHKAL/explore.php?domain=tk&id=142&name=PEA,,,,NCCc1ccccc1,P,NCCc1ccccc1
PROPYNYL,https://isomerdesign.com/PiHKAL/explore.php?domain=tk&id=143&name=PROPYNYL,,,,NCCc1cc(OC)c(c(c1)OC)OCC#C,P,C#CCOc1c(OC)cc(CCN)cc1OC
SB,https://isomerdesign.com/PiHKAL/explore.php?domain=tk&id=144&name=SB,,,,NCCc1cc(OCC)c(c(c1)OCC)OC,P,CCOc1cc(CCN)cc(OCC)c1OC
TA,https://isomerdesign.com/PiHKAL/explore.php?domain=tk&id=145&name=TA,,,,COc1cc(CC(N)C)c(c(c1OC)OC)OC,P,COc1cc(CC(C)N)c(OC)c(OC)c1OC
3-TASB,https://isomerdesign.com/PiHKAL/explore.php?domain=tk&id=146&name=3-TASB,,,,NCCc1cc(SCC)c(c(c1)OC)OCC,P,CCOc1c(OC)cc(CCN)cc1SCC
4-TASB,https://isomerdesign.com/PiHKAL/explore.php?domain=tk&id=147&name=4-TASB,,,,NCCc1cc(OCC)c(c(c1)OC)SCC,P,CCOc1cc(CCN)cc(OC)c1SCC
5-TASB,https://isomerdesign.com/PiHKAL/explore.php?domain=tk&id=148&name=5-TASB,,,,NCCc1cc(OCC)c(c(c1)SC)OCC,P,CCOc1cc(CCN)cc(SC)c1OCC
TB,https://isomerdesign.com/PiHKAL/explore.php?domain=tk&id=149&name=TB,,,,CCCCSc1c(OC)cc(cc1OC)CCN,P,CCCCSc1c(OC)cc(CCN)cc1OC
3-TE,https://isomerdesign.com/PiHKAL/explore.php?domain=tk&id=150&name=3-TE,,,,NCCc1cc(OC)c(c(c1)SC)OCC,P,CCOc1c(OC)cc(CCN)cc1SC
4-TE,https://isomerdesign.com/PiHKAL/explore.php?domain=tk&id=151&name=4-TE,,,,NCCc1cc(OC)c(c(c1)OC)SCC,P,CCSc1c(OC)cc(CCN)cc1OC
2-TIM,https://isomerdesign.com/PiHKAL/explore.php?domain=tk&id=152&name=2-TIM,,,,NCCc1ccc(c(c1SC)OC)OC,P,COc1ccc(CCN)c(SC)c1OC
3-TIM,https://isomerdesign.com/PiHKAL/explore.php?domain=tk&id=153&name=3-TIM,,,,NCCc1ccc(c(c1OC)SC)OC,P,COc1ccc(CCN)c(OC)c1SC
4-TIM,https://isomerdesign.com/PiHKAL/explore.php?domain=tk&id=154&name=4-TIM,,,,NCCc1ccc(c(c1OC)OC)SC,P,COc1c(CCN)ccc(SC)c1OC
3-TM,https://isomerdesign.com/PiHKAL/explore.php?domain=tk&id=155&name=3-TM,,,,NCCc1cc(OC)c(c(c1)SC)OC,P,COc1cc(CCN)cc(SC)c1OC
4-TM,https://isomerdesign.com/PiHKAL/explore.php?domain=tk&id=156&name=4-TM,,,,NCCc1cc(OC)c(c(c1)OC)SC,P,COc1cc(CCN)cc(OC)c1SC
TMA,https://isomerdesign.com/PiHKAL/explore.php?domain=tk&id=157&name=TMA,,,,COc1cc(CC(N)C)cc(c1OC)OC,P,COc1cc(CC(C)N)cc(OC)c1OC
TMA-3,https://isomerdesign.com/PiHKAL/explore.php?domain=tk&id=159&name=TMA-3,,,,COc1c(ccc(c1OC)OC)CC(N)C,P,COc1ccc(CC(C)N)c(OC)c1OC
TMA-4,https://isomerdesign.com/PiHKAL/explore.php?domain=tk&id=160&name=TMA-4,,,,COc1cc(CC(N)C)c(c(c1)OC)OC,P,COc1cc(CC(C)N)c(OC)c(OC)c1
TMA-5,https://isomerdesign.com/PiHKAL/explore.php?domain=tk&id=161&name=TMA-5,,,,COc1ccc(c(c1CC(N)C)OC)OC,P,COc1ccc(OC)c(OC)c1CC(C)N
3-TME,https://isomerdesign.com/PiHKAL/explore.php?domain=tk&id=163&name=3-TME,,,,NCCc1cc(SCC)c(c(c1)OC)OC,P,CCSc1cc(CCN)cc(OC)c1OC
4-TME,https://isomerdesign.com/PiHKAL/explore.php?domain=tk&id=164&name=4-TME,,,,NCCc1cc(OCC)c(c(c1)OC)SC,P,CCOc1cc(CCN)cc(OC)c1SC
5-TME,https://isomerdesign.com/PiHKAL/explore.php?domain=tk&id=165&name=5-TME,,,,NCCc1cc(OCC)c(c(c1)SC)OC,P,CCOc1cc(CCN)cc(SC)c1OC
2T-MMDA-3a,https://isomerdesign.com/PiHKAL/explore.php?domain=tk&id=166&name=2T-MMDA-3a,,,,CSc1c(ccc2c1OCO2)CC(N)C,P,CSc1c(CC(C)N)ccc2c1OCO2
4T-MMDA-2,https://isomerdesign.com/PiHKAL/explore.php?domain=tk&id=167&name=4T-MMDA-2,,,,COc1cc2SCOc2cc1CC(N)C,P,COc1cc2c(cc1CC(C)N)OCS2
TMPEA,https://isomerdesign.com/PiHKAL/explore.php?domain=tk&id=168&name=TMPEA,,,,NCCc1cc(OC)c(cc1OC)OC,P,COc1cc(OC)c(OC)cc1CCN
2-TOET,https://isomerdesign.com/PiHKAL/explore.php?domain=tk&id=169&name=2-TOET,,,,COc1cc(CC(N)C)c(cc1CC)SC,P,CCc1cc(SC)c(CC(C)N)cc1OC
5-TOET,https://isomerdesign.com/PiHKAL/explore.php?domain=tk&id=170&name=5-TOET,,,,COc1cc(CC)c(cc1CC(N)C)SC,P,CCc1cc(OC)c(CC(C)N)cc1SC
2-TOM,https://isomerdesign.com/PiHKAL/explore.php?domain=tk&id=171&name=2-TOM,,,,COc1cc(CC(N)C)c(cc1C)SC,P,COc1cc(CC(C)N)c(SC)cc1C
5-TOM,https://isomerdesign.com/PiHKAL/explore.php?domain=tk&id=172&name=5-TOM,,,,COc1cc(C)c(cc1CC(N)C)SC,P,COc1cc(C)c(SC)cc1CC(C)N
TOMSO,https://isomerdesign.com/PiHKAL/explore.php?domain=tk&id=173&name=TOMSO,,,,COc1cc(C)c(cc1CC(N)C)S(=O)C,P,COc1cc(C)c(S(C)=O)cc1CC(C)N
TP,https://isomerdesign.com/PiHKAL/explore.php?domain=tk&id=174&name=TP,,,,CCCSc1c(OC)cc(cc1OC)CCN,P,CCCSc1c(OC)cc(CCN)cc1OC
TRIS,https://isomerdesign.com/PiHKAL/explore.php?domain=tk&id=175&name=TRIS,,,,NCCc1cc(OCC)c(c(c1)OCC)OCC,P,CCOc1cc(CCN)cc(OCC)c1OCC
3-TSB,https://isomerdesign.com/PiHKAL/explore.php?domain=tk&id=176&name=3-TSB,,,,NCCc1cc(OCC)c(c(c1)SCC)OC,P,CCOc1cc(CCN)cc(SCC)c1OC
4-TSB,https://isomerdesign.com/PiHKAL/explore.php?domain=tk&id=177&name=4-TSB,,,,NCCc1cc(OCC)c(c(c1)OCC)SC,P,CCOc1cc(CCN)cc(OCC)c1SC
3-T-TRIS,https://isomerdesign.com/PiHKAL/explore.php?domain=tk&id=178&name=3-T-TRIS,,,,CCOc1cc(CCN)cc(c1OCC)SCC,P,CCOc1cc(CCN)cc(SCC)c1OCC
4-T-TRIS,https://isomerdesign.com/PiHKAL/explore.php?domain=tk&id=179&name=4-T-TRIS,,,,NCCc1cc(OCC)c(c(c1)OCC)SCC,P,CCOc1cc(CCN)cc(OCC)c1SCC
"alpha,N,O-TMS","https://isomerdesign.com/PiHKAL/explore.php?domain=tk&id=5055&name=%CE%B1,N,O-TMS",,,,CNC(Cc1c[nH]c2c1cc(OC)cc2)C,T,CNC(C)Cc1c[nH]c2ccc(OC)cc12
Tetrahydroharmine,https://isomerdesign.com/PiHKAL/explore.php?domain=tk&id=5054&name=Tetrahydroharmine,,,,COc1ccc2c(c1)[nH]c1c2CCNC1C,T,COc1ccc2c3c([nH]c2c1)C(C)NCC3
pyr-T,https://isomerdesign.com/PiHKAL/explore.php?domain=tk&id=5052&name=pyr-T,,,,C1CCN(C1)CCc1c[nH]c2c1cccc2,T,c1ccc2c(CCN3CCCC3)c[nH]c2c1
NMT,https://isomerdesign.com/PiHKAL/explore.php?domain=tk&id=5050&name=NMT,,,,CNCCc1c[nH]c2c1cccc2,T,CNCCc1c[nH]c2ccccc12
NET,https://isomerdesign.com/PiHKAL/explore.php?domain=tk&id=5049&name=NET,,,,CCNCCc1c[nH]c2c1cccc2,T,CCNCCc1c[nH]c2ccccc12
MiPT,https://isomerdesign.com/PiHKAL/explore.php?domain=tk&id=5047&name=MIPT,,,,CN(C(C)C)CCc1c[nH]c2c1cccc2,T,CC(C)N(C)CCc1c[nH]c2ccccc12
5-MeO-TMT,https://isomerdesign.com/PiHKAL/explore.php?domain=tk&id=5045&name=5-MeO-TMT,,,,COc1ccc2c(c1)c(CCN(C)C)c([nH]2)C,T,COc1ccc2[nH]c(C)c(CCN(C)C)c2c1
2-Me-DMT,https://isomerdesign.com/PiHKAL/explore.php?domain=tk&id=5034&name=2-Me-DMT,,,,CN(CCc1c(C)[nH]c2c1cccc2)C,T,Cc1[nH]c2ccccc2c1CCN(C)C
"5,6-MDO-MiPT","https://isomerdesign.com/PiHKAL/explore.php?domain=tk&id=5032&name=5,6-MDO-MIPT",,,,CC(N(CCc1c[nH]c2c1cc1OCOc1c2)C)C,T,CC(C)N(C)CCc1c[nH]c2cc3c(cc12)OCO3
"5,6-MDO-DMT","https://isomerdesign.com/PiHKAL/explore.php?domain=tk&id=5031&name=5,6-MDO-DMT",,,,CN(CCc1c[nH]c2c1cc1OCOc1c2)C,T,CN(C)CCc1c[nH]c2cc3c(cc12)OCO3
"4,5-MDO-DMT","https://isomerdesign.com/PiHKAL/explore.php?domain=tk&id=5030&name=4,5-MDO-DMT",,,,CN(CCc1c[nH]c2c1c1OCOc1cc2)C,T,CN(C)CCc1c[nH]c2ccc3c(c12)OCO3
"5,6-MDO-DiPT","https://isomerdesign.com/PiHKAL/explore.php?domain=tk&id=5029&name=5,6-MDO-DIPT",,,,CC(N(C(C)C)CCc1c[nH]c2c1cc1OCOc1c2)C,T,CC(C)N(CCc1c[nH]c2cc3c(cc12)OCO3)C(C)C
"4,5-MDO-DiPT","https://isomerdesign.com/PiHKAL/explore.php?domain=tk&id=5028&name=4,5-MDO-DIPT",,,,CC(N(C(C)C)CCc1c[nH]c2c1c1OCOc1cc2)C,T,CC(C)N(CCc1c[nH]c2ccc3c(c12)OCO3)C(C)C
MBT,https://isomerdesign.com/PiHKAL/explore.php?domain=tk&id=5027&name=MBT,,,,CCCCN(CCc1c[nH]c2c1cccc2)C,T,CCCCN(C)CCc1c[nH]c2ccccc12
4-HO-pyr-T,https://isomerdesign.com/PiHKAL/explore.php?domain=tk&id=5024&name=4-HO-pyr-T,,,,Oc1cccc2c1c(CCN1CCCC1)c[nH]2,T,Oc1cccc2[nH]cc(CCN3CCCC3)c12
4-HO-DMT,https://isomerdesign.com/PiHKAL/explore.php?domain=tk&id=5018&name=4-HO-DMT,,,,CN(CCc1c[nH]c2c1c(O)ccc2)C,T,CN(C)CCc1c[nH]c2cccc(O)c12
4-HO-DBT,https://isomerdesign.com/PiHKAL/explore.php?domain=tk&id=5015&name=4-HO-DBT,,,,CCCCN(CCc1c[nH]c2c1c(O)ccc2)CCCC,T,CCCCN(CCCC)CCc1c[nH]c2cccc(O)c12
Harmine,https://isomerdesign.com/PiHKAL/explore.php?domain=tk&id=5014&name=Harmine,,,,COc1ccc2c(c1)[nH]c1c2ccnc1C,T,COc1ccc2c(c1)[nH]c1c(C)nccc12
Harmaline,https://isomerdesign.com/PiHKAL/explore.php?domain=tk&id=5013&name=Harmaline,,,,COc1ccc2c(c1)[nH]c1c2CCN=C1C,T,COc1ccc2c3c([nH]c2c1)C(C)=NCC3
alpha-ET,https://isomerdesign.com/PiHKAL/explore.php?domain=tk&id=5011&name=%CE%B1-ET,,,,CCC(Cc1c[nH]c2c1cccc2)N,T,CCC(N)Cc1c[nH]c2ccccc12
EIPT,https://isomerdesign.com/PiHKAL/explore.php?domain=tk&id=5010&name=EIPT,,,,CCN(C(C)C)CCc1c[nH]c2c1cccc2,T,CCN(CCc1c[nH]c2ccccc12)C(C)C
DBT,https://isomerdesign.com/PiHKAL/explore.php?domain=tk&id=5002&name=DBT,,,,CCCCN(CCc1c[nH]c2c1cccc2)CCCC,T,CCCCN(CCCC)CCc1c[nH]c2ccccc12
"alpha,O-DMS","https://isomerdesign.com/PiHKAL/explore.php?domain=tk&id=5005&name=%CE%B1,O-DMS",,,,COc1ccc2c(c1)c(c[nH]2)CC(N)C,T,COc1ccc2[nH]cc(CC(C)N)c2c1
"2,alpha-DMT","https://isomerdesign.com/PiHKAL/explore.php?domain=tk&id=5007&name=2,%CE%B1-DMT",,,,CC(Cc1c(C)[nH]c2c1cccc2)N,T,Cc1[nH]c2ccccc2c1CC(C)N
"1,4-Butanediol","https://psychonautwiki.org/wiki/1,4-Butanediol",Depressant,,,C(CCO)CO,,OCCCCO
1B-LSD,https://psychonautwiki.org/wiki/1B-LSD,Psychedelics,,,CN1[C@](C2=C[C@@H](C(N(CC)CC)=O)C1)([H])CC3=CN(C(CCC)=O)C4=C3C2=CC=C4,,CCCC(=O)n1cc2c3c(cccc31)C1=C[C@@H](C(=O)N(CC)CC)CN(C)[C@@H]1C2
1P-LSD,https://psychonautwiki.org/wiki/1P-LSD,Psychedelics,,,CCN(CC)C(=O)[C@H]1CN(C)[C@@H]2Cc3cn(C(=O)CC)c4cccc(C2=C1)c34,,CCC(=O)n1cc2c3c(cccc31)C1=C[C@@H](C(=O)N(CC)CC)CN(C)[C@@H]1C2
1cP-LSD,https://psychonautwiki.org/wiki/1cP-LSD,Psychedelics,,,CCN(CC)C(=O)[C@@H]5C=C2[C@@H](Cc3cn(C(=O)C1CC1)c4cccc2c34)N(C)C5,,CCN(CC)C(=O)[C@@H]1C=C2c3cccc4c3c(cn4C(=O)C3CC3)C[C@H]2N(C)C1
2-Aminoindane,https://psychonautwiki.org/wiki/2-Aminoindane,Stimulants,,,C1C(CC2=CC=CC=C21)N,,NC1Cc2ccccc2C1
2-FA,https://psychonautwiki.org/wiki/2-FA,Stimulants,,,CC(CC1=CC=CC=C1F)N,,CC(N)Cc1ccccc1F
2-FEA,https://psychonautwiki.org/wiki/2-FEA,Stimulants,Entactogens,,CCNC(Cc1ccccc1F)C,,CCNC(C)Cc1ccccc1F
2-FMA,https://psychonautwiki.org/wiki/2-FMA,Stimulants,,,CC(CC1=CC=CC=C1F)NC,,CNC(C)Cc1ccccc1F
2-Fluorodeschloroketamine,https://psychonautwiki.org/wiki/2-Fluorodeschloroketamine,Dissociatives,,,CNC1(CCCCC1=O)c2ccccc2F,,CNC1(c2ccccc2F)CCCCC1=O
25B-NBOH,https://psychonautwiki.org/wiki/25B-NBOH,Psychedelics,,,BrC2=CC(=C(CCNCC1=C(C=CC=C1)O)C=C2OC)OC,,COc1cc(CCNCc2ccccc2O)c(OC)cc1Br
25C-NBOH,https://psychonautwiki.org/wiki/25C-NBOH,Psychedelics,,,COc1cc(Cl)c(OC)cc1CCNCc2ccccc2O,,COc1cc(CCNCc2ccccc2O)c(OC)cc1Cl
25C-NBOMe,https://psychonautwiki.org/wiki/25C-NBOMe,Psychedelics,,,COc2ccccc2CNCCc(cc1OC)c(OC)cc1Cl,,COc1cc(CCNCc2ccccc2OC)c(OC)cc1Cl
25D-NBOMe,https://psychonautwiki.org/wiki/25D-NBOMe,Psychedelics,,,COC1=C(C=C(C(=C1)C)OC)CCNCC2=C(C=CC=C2)OC,,COc1cc(CCNCc2ccccc2OC)c(OC)cc1C
25I-NBOH,https://psychonautwiki.org/wiki/25I-NBOH,Psychedelics,,,Oc2ccccc2CNCCc(c(OC)cc1I)cc1OC,,COc1cc(CCNCc2ccccc2O)c(OC)cc1I
25I-NBOMe,https://psychonautwiki.org/wiki/25I-NBOMe,Psychedelics,,,COC1=CC=CC=C1CNCCC2=CC(=C(C=C2OC)I)OC,,COc1cc(CCNCc2ccccc2OC)c(OC)cc1I
25N-NBOMe,https://psychonautwiki.org/wiki/25N-NBOMe,Psychedelics,,,COC1=C(CCNCC2=C(OC)C=CC=C2)C=C(OC)C([N+]([O-])=O)=C1,,COc1cc([N+](=O)[O-])c(OC)cc1CCNCc1ccccc1OC
2C-B,https://psychonautwiki.org/wiki/2C-B,Psychedelics,,,COc1cc(CCN)c(OC)cc1Br,P,COc1cc(CCN)c(OC)cc1Br
2C-B-FLY,https://psychonautwiki.org/wiki/2C-B-FLY,Psychedelics,,,NCCc1c2CCOc2c(Br)c3CCOc13,,NCCc1c2c(c(Br)c3c1OCC3)OCC2
2C-C,https://psychonautwiki.org/wiki/2C-C,Psychedelics,,,COc1cc(CCN)c(cc1Cl)OC,P,COc1cc(CCN)c(OC)cc1Cl
2C-D,https://psychonautwiki.org/wiki/2C-D,Psychedelics,,,O(c1cc(c(OC)cc1CCN)C)C,P,COc1cc(CCN)c(OC)cc1C
2C-E,https://psychonautwiki.org/wiki/2C-E,Psychedelics,,,COc1cc(CC)c(cc1CCN)OC,P,CCc1cc(OC)c(CCN)cc1OC
2C-H,https://psychonautwiki.org/wiki/2C-H,Stimulants,Psychedelics,,O(c1ccc(OC)cc1CCN)C,P,COc1ccc(OC)c(CCN)c1
2C-I,https://psychonautwiki.org/wiki/2C-I,Psychedelics,,,Ic1cc(OC)c(cc1OC)CCN,P,COc1cc(CCN)c(OC)cc1I
2C-P,https://psychonautwiki.org/wiki/2C-P,Psychedelics,,,COC1=C(CCN)C=C(OC)C(CCC)=C1,P,CCCc1cc(OC)c(CCN)cc1OC
2C-T-2,https://psychonautwiki.org/wiki/2C-T-2,Psychedelics,,,CCSc1cc(OC)c(cc1OC)CCN,P,CCSc1cc(OC)c(CCN)cc1OC
2M2B,https://psychonautwiki.org/wiki/2M2B,Depressant,,,CCC(C)(C)O,,CCC(C)(C)O
3-FA,https://psychonautwiki.org/wiki/3-FA,Stimulants,,,Fc1cccc(c1)CC(C)N,,CC(N)Cc1cccc(F)c1
3-FEA,https://psychonautwiki.org/wiki/3-FEA,Stimulants,Entactogens,,NCCc1cocc1,,NCCc1ccoc1
3-FMA,https://psychonautwiki.org/wiki/3-FMA,Stimulants,Entactogens,,FC1=CC=CC(CC(NC)C)=C1,,CNC(C)Cc1cccc(F)c1
3-FPM,https://psychonautwiki.org/wiki/3-FPM,Stimulants,,,CC1C(OCCN1)C2=CC(=CC=C2)F,,CC1NCCOC1c1cccc(F)c1
3-HO-PCE,https://psychonautwiki.org/wiki/3-HO-PCE,Dissociatives,,,CCNC1(CCCCC1)c1cccc(c1)O,,CCNC1(c2cccc(O)c2)CCCCC1
3-HO-PCP,https://psychonautwiki.org/wiki/3-HO-PCP,Dissociatives,,,c1cc(cc(c1)O)C2(CCCCC2)N3CCCCC3,,Oc1cccc(C2(N3CCCCC3)CCCCC2)c1
3-MMC,https://psychonautwiki.org/wiki/3-MMC,Stimulants,Entactogens,,CC1=CC=CC(C(C(C)NC)=O)=C1,,CNC(C)C(=O)c1cccc(C)c1
3-Me-PCP,https://psychonautwiki.org/wiki/3-Me-PCP,Dissociatives,,,CC1=CC(=CC=C1)C2(CCCCC2)N3CCCCC3,,Cc1cccc(C2(N3CCCCC3)CCCCC2)c1
3-MeO-PCE,https://psychonautwiki.org/wiki/3-MeO-PCE,Dissociatives,,,CCNC1(CCCCC1)C2=CC(=CC=C2)OC,,CCNC1(c2cccc(OC)c2)CCCCC1
3-MeO-PCMo,https://psychonautwiki.org/wiki/3-MeO-PCMo,Dissociatives,,,COC1=CC(C2(N3CCOCC3)CCCCC2)=CC=C1,,COc1cccc(C2(N3CCOCC3)CCCCC2)c1
3-MeO-PCP,https://psychonautwiki.org/wiki/3-MeO-PCP,Dissociatives,,,COc3cccc(c3)C1(CCCCC1)N2CCCCC2,,COc1cccc(C2(N3CCCCC3)CCCCC2)c1
3C-E,https://psychonautwiki.org/wiki/3C-E,Psychedelics,,,CCOc1c(cc(cc1OC)CC(C)N)OC,P,CCOc1c(OC)cc(CC(C)N)cc1OC
4-AcO-DET,https://psychonautwiki.org/wiki/4-AcO-DET,Psychedelics,,,CC(OC1=CC=CC2=C1C(CCN(CC)CC)=CN2)=O,,CCN(CC)CCc1c[nH]c2cccc(OC(C)=O)c12
4-AcO-DMT,https://psychonautwiki.org/wiki/4-AcO-DMT,Psychedelics,,,CC(=O)Oc2cccc1[nH]cc(CCN(C)C)c12,,CC(=O)Oc1cccc2[nH]cc(CCN(C)C)c12
4-AcO-MET,https://psychonautwiki.org/wiki/4-AcO-MET,Psychedelics,,,CCN(C)CCc1c[nH]c2c1c(ccc2)OC(=O)C,,CCN(C)CCc1c[nH]c2cccc(OC(C)=O)c12
4-AcO-MiPT,https://psychonautwiki.org/wiki/4-AcO-MiPT,Psychedelics,,,CC(N(CCC1=CNC2=C1C(OC(C)=O)=CC=C2)C)C,,CC(=O)Oc1cccc2[nH]cc(CCN(C)C(C)C)c12
4-FA,https://psychonautwiki.org/wiki/4-FA,Stimulants,Entactogens,,Fc1ccc(cc1)CC(N)C,,CC(N)Cc1ccc(F)cc1
4-FMA,https://psychonautwiki.org/wiki/4-FMA,Stimulants,Entactogens,,Fc1ccc(cc1)CC(NC)C,,CNC(C)Cc1ccc(F)cc1
4-HO-EPT,https://psychonautwiki.org/wiki/4-HO-EPT,Psychedelics,,,CCCN(CC)CCC1=CNC2=CC=CC(O)=C12,,CCCN(CC)CCc1c[nH]c2cccc(O)c12
4-HO-MET,https://psychonautwiki.org/wiki/4-HO-MET,Psychedelics,,,CCN(C)CCc2c[nH]c1cccc(O)c12,T,CCN(C)CCc1c[nH]c2cccc(O)c12
4-HO-MPT,https://psychonautwiki.org/wiki/4-HO-MPT,Psychedelics,,,OC1=CC=CC2=C1C(CCN(C)CCC)=CN2,T,CCCN(C)CCc1c[nH]c2cccc(O)c12
4-HO-MiPT,https://psychonautwiki.org/wiki/4-HO-MiPT,Psychedelics,,,CN(C(C)C)CCC2=CNC1=CC=CC(O)=C12,T,CC(C)N(C)CCc1c[nH]c2cccc(O)c12
4-MeO-PCP,https://psychonautwiki.org/wiki/4-MeO-PCP,Dissociatives,,,COc1ccc(cc1)C2(CCCCC2)N3CCCCC3,,COc1ccc(C2(N3CCCCC3)CCCCC2)cc1
4F-EPH,https://psychonautwiki.org/wiki/4F-EPH,Stimulants,,,CCOC(=O)C(c1ccc(cc1)F)C1CCCCN1,,CCOC(=O)C(c1ccc(F)cc1)C1CCCCN1
4F-MPH,https://psychonautwiki.org/wiki/4F-MPH,Stimulants,,,FC1=CC=C(C=C1)C(C(=O)OC)C2CCCCN2,,COC(=O)C(c1ccc(F)cc1)C1CCCCN1
5-APB,https://psychonautwiki.org/wiki/5-APB,Stimulants,Entactogens,,CC(N)CC1=CC(C=CO2)=C2C=C1,,CC(N)Cc1ccc2occc2c1
5-MAPB,https://psychonautwiki.org/wiki/5-MAPB,Entactogens,,,CC(NC)CC1=CC(C=CO2)=C2C=C1,,CNC(C)Cc1ccc2occc2c1
5-MeO-DALT,https://psychonautwiki.org/wiki/5-MeO-DALT,Psychedelics,,,C=CCN(CCC1=CNC2=C1C=C(OC)C=C2)CC=C,,C=CCN(CC=C)CCc1c[nH]c2ccc(OC)cc12
5-MeO-DMT,https://psychonautwiki.org/wiki/5-MeO-DMT,Psychedelics,,,COc2ccc1[nH]cc(CCN(C)C)c1c2,T,COc1ccc2[nH]cc(CCN(C)C)c2c1
5-MeO-DiBF,https://psychonautwiki.org/wiki/5-MeO-DiBF,Psychedelics,,,COC1=CC=C(OC=C2CCN(C(C)C)C(C)C)C2=C1,,COc1ccc2occ(CCN(C(C)C)C(C)C)c2c1
5-MeO-MiPT,https://psychonautwiki.org/wiki/5-MeO-MiPT,Psychedelics,Entactogens,,O(c1cc2c(cc1)[nH]cc2CCN(C(C)C)C)C,T,COc1ccc2[nH]cc(CCN(C)C(C)C)c2c1
5F-AKB48,https://psychonautwiki.org/wiki/5F-AKB48,Cannabinoid,,,O=C(NC1(C[C@@H]2C3)C[C@H](C2)C[C@H]3C1)C4=NN(CCCCCF)C5=CC=CC=C54,,O=C(NC12C[C@H]3C[C@@H](C1)C[C@@H](C2)C3)c1nn(CCCCCF)c2ccccc12
5F-PB-22,https://psychonautwiki.org/wiki/5F-PB-22,Cannabinoid,,,C1=CC=C2C(=C1)C(=CN2CCCCCF)C(=O)OC3=CC=CC4=C3N=CC=C4,,O=C(Oc1cccc2cccnc12)c1cn(CCCCCF)c2ccccc12
6-APB,https://psychonautwiki.org/wiki/6-APB,Psychedelics,Entactogens,,NC(C)CC1=CC(OC=C2)=C2C=C1,,CC(N)Cc1ccc2ccoc2c1
6-APDB,https://psychonautwiki.org/wiki/6-APDB,Stimulants,Entactogens,,O2c1cc(ccc1CC2)CC(N)C,,CC(N)Cc1ccc2c(c1)OCC2
8-Chlorotheophylline,https://psychonautwiki.org/wiki/8-Chlorotheophylline,,,,Cn2c(=O)c1[nH]c(Cl)nc1n(C)c2=O,,Cn1c(=O)c2[nH]c(Cl)nc2n(C)c1=O
A-PVP,https://psychonautwiki.org/wiki/A-PVP,Stimulants,,,CCCC(C(C1=CC=CC=C1)=O)N2CCCC2,,CCCC(C(=O)c1ccccc1)N1CCCC1
AB-FUBINACA,https://psychonautwiki.org/wiki/AB-FUBINACA,Cannabinoid,,,CC(C)[C@H](NC(=O)c1nn(Cc2ccc(F)cc2)c3ccccc13)C(N)=O,,CC(C)[C@H](NC(=O)c1nn(Cc2ccc(F)cc2)c2ccccc12)C(N)=O
ALD-52,https://psychonautwiki.org/wiki/ALD-52,Psychedelics,,,O=C(n1cc2c3c(C4=C[C@@H](C(=O)N(CC)CC)CN([C@@H]4C2)C)cccc13)C,,CCN(CC)C(=O)[C@@H]1C=C2c3cccc4c3c(cn4C(C)=O)C[C@H]2N(C)C1
APICA,https://psychonautwiki.org/wiki/APICA,Cannabinoid,,,O=P(O)(O)c(c2)ccc1c2CCC1(N)C(O)=O,,NC1(C(=O)O)CCc2cc(P(=O)(O)O)ccc21
Acetylfentanyl,https://psychonautwiki.org/wiki/Acetylfentanyl,Opioids,,,CC(N(C1=CC=CC=C1)C2CCN(CCC3=CC=CC=C3)CC2)=O,,CC(=O)N(c1ccccc1)C1CCN(CCc2ccccc2)CC1
Adrafinil,https://psychonautwiki.org/wiki/Adrafinil,Nootropic,,,O=S(C(c1ccccc1)c2ccccc2)CC(=O)NO,,O=C(CS(=O)C(c1ccccc1)c1ccccc1)NO
Alpha-GPC,https://psychonautwiki.org/wiki/Alpha-GPC,Nootropic,,,[O-]P(=O)(OC[C@H](O)CO)OCC[N+](C)(C)C,,C[N+](C)(C)CCOP(=O)([O-])OC[C@H](O)CO
Alprazolam,https://psychonautwiki.org/wiki/Alprazolam,Depressant,,,ClC1=CC2=C(C=C1)N3C(C)=NN=C3CN=C2C4=CC=CC=C4,,Cc1nnc2n1-c1ccc(Cl)cc1C(c1ccccc1)=NC2
Amphetamine,https://psychonautwiki.org/wiki/Amphetamine,Stimulants,,,NC(C)Cc1ccccc1,,CC(N)Cc1ccccc1
Aniracetam,https://psychonautwiki.org/wiki/Aniracetam,Nootropic,,,O=C2N(C(=O)c1ccc(OC)cc1)CCC2,,COc1ccc(C(=O)N2CCCC2=O)cc1
Armodafinil,https://psychonautwiki.org/wiki/Armodafinil,,,,C1=CC=C(C=C1)C(C2=CC=CC=C2)[S@](=O)CC(=O)N,,NC(=O)C[S@@](=O)C(c1ccccc1)c1ccccc1
Benzydamine,https://psychonautwiki.org/wiki/Benzydamine,Deliriant,Stimulants,,n2c(OCCCN(C)C)c1ccccc1n2Cc3ccccc3,,CN(C)CCCOc1nn(Cc2ccccc2)c2ccccc12
Bromantane,https://psychonautwiki.org/wiki/Bromantane,Stimulants,Nootropic,,C1C2CC3CC1CC(C2)C3NC4=CC=C(C=C4)Br,,Brc1ccc(NC2C3CC4CC(C3)CC2C4)cc1
Buprenorphine,https://psychonautwiki.org/wiki/Buprenorphine,Opioids,,,Oc7ccc5c1c7O[C@H]3[C@]6(OC)[C@H](C[C@@]2([C@H](N(CC[C@@]123)CC4CC4)C5)CC6)[C@@](O)(C)C(C)(C)C,,CO[C@]12CC[C@@]3(C[C@@H]1[C@](C)(O)C(C)(C)C)[C@H]1Cc4ccc(O)c5c4[C@@]3(CCN1CC1CC1)[C@H]2O5
Butylone,https://psychonautwiki.org/wiki/Butylone,Stimulants,Entactogens,,CCC(C(=O)C1=CC2=C(C=C1)OCO2)NC,,CCC(NC)C(=O)c1ccc2c(c1)OCO2
Caffeine,https://psychonautwiki.org/wiki/Caffeine,Stimulants,,,CN1C=NC2=C1C(=O)N(C(=O)N2C)C,,Cn1c(=O)c2c(ncn2C)n(C)c1=O
Cannabidiol,https://psychonautwiki.org/wiki/Cannabidiol,Cannabinoid,,,Oc1c(c(O)cc(c1)CCCCC)[C@@H]2\C=C(/CC[C@H]2\C(=C)C)C,,C=C(C)[C@@H]1CCC(C)=C[C@H]1c1c(O)cc(CCCCC)cc1O
Carisoprodol,https://psychonautwiki.org/wiki/Carisoprodol,Depressant,,,O=C(N)OCC(C)(CCC)COC(=O)NC(C)C,,CCCC(C)(COC(N)=O)COC(=O)NC(C)C
Choline bitartrate,https://psychonautwiki.org/wiki/Choline_bitartrate,Nootropic,,,C[N+](C)(C)CCO,,C[N+](C)(C)CCO
Citicoline,https://psychonautwiki.org/wiki/Citicoline,Nootropic,,,C[N+](C)(C)CCOP(=O)([O-])OP(=O)(O)OC[C@@H]1[C@@H](O)[C@@H](O)[C@@H](O1)N2C=CC(N)=NC2=O,,C[N+](C)(C)CCOP(=O)([O-])OP(=O)(O)OC[C@H]1O[C@@H](n2ccc(N)nc2=O)[C@H](O)[C@@H]1O
Clonazepam,https://psychonautwiki.org/wiki/Clonazepam,Depressant,,,[O-][N+](C1=CC2=C(C=C1)NC(CN=C2C3=CC=CC=C3Cl)=O)=O,,O=C1CN=C(c2ccccc2Cl)c2cc([N+](=O)[O-])ccc2N1
Clonazolam,https://psychonautwiki.org/wiki/Clonazolam,Depressant,,,CC1=NN=C2N1C3=C(C=C(C=C3)[N+](=O)[O-])C(=NC2)C4=CC=CC=C4Cl,,Cc1nnc2n1-c1ccc([N+](=O)[O-])cc1C(c1ccccc1Cl)=NC2
Clonidine,https://psychonautwiki.org/wiki/Clonidine,Depressant,,,Clc1cccc(Cl)c1N/C2=N/CCN2,,Clc1cccc(Cl)c1NC1=NCCN1
Cocaine,https://psychonautwiki.org/wiki/Cocaine,Stimulants,,,CN1[C@H]2CC[C@@H]1[C@@H](C(OC)=O)[C@@H](OC(C3=CC=CC=C3)=O)C2,,COC(=O)[C@H]1[C@@H](OC(=O)c2ccccc2)C[C@@H]2CC[C@H]1N2C
Codeine,https://psychonautwiki.org/wiki/Codeine,Opioids,,,CN1CCC23C4C1CC5=C2C(=C(C=C5)OC)OC3C(C=C4)O,,COc1ccc2c3c1OC1C(O)C=CC4C(C2)N(C)CCC341
Coluracetam,https://psychonautwiki.org/wiki/Coluracetam,Nootropic,,,Cc1c(oc2c1c(c3c(n2)CCCC3)NC(=O)CN4CCCC4=O)C,,Cc1oc2nc3c(c(NC(=O)CN4CCCC4=O)c2c1C)CCCC3
Creatine,https://psychonautwiki.org/wiki/Creatine,Nootropic,,,CN(CC(=O)O)C(=N)N,,CN(CC(=O)O)C(=N)N
Cyclazodone,https://psychonautwiki.org/wiki/Cyclazodone,Stimulants,,,C1CC1NC2=NC(=O)C(O2)C3=CC=CC=C3,,O=C1N=C(NC2CC2)OC1c1ccccc1
DET,https://psychonautwiki.org/wiki/DET,Psychedelics,,,CCN(CCc1c[nH]c2c1cccc2)CC,T,CCN(CC)CCc1c[nH]c2ccccc12
DMT,https://psychonautwiki.org/wiki/DMT,Psychedelics,,,CN(CCC1=CNC2=C1C=CC=C2)C,T,CN(C)CCc1c[nH]c2ccccc12
DOB,https://psychonautwiki.org/wiki/DOB,Psychedelics,,,Brc1cc(OC)c(cc1OC)CC(N)C,P,COc1cc(CC(C)N)c(OC)cc1Br
DOC,https://psychonautwiki.org/wiki/DOC,Psychedelics,,,ClC1=C(OC)C=C(CC(C)N)C(OC)=C1,P,COc1cc(CC(C)N)c(OC)cc1Cl
DPT,https://psychonautwiki.org/wiki/DPT,Psychedelics,,,CCCN(CCc1c[nH]c2c1cccc2)CCC,T,CCCN(CCC)CCc1c[nH]c2ccccc12
Deschloroetizolam,https://psychonautwiki.org/wiki/Deschloroetizolam,Depressant,,,CCC1=CC2=C(S1)N3C(=NN=C3CN=C2C4=CC=CC=C4)C,,CCc1cc2c(s1)-n1c(C)nnc1CN=C2c1ccccc1
Deschloroketamine,https://psychonautwiki.org/wiki/Deschloroketamine,Dissociatives,,,CNC1(CCCCC1=O)c2ccccc2,,CNC1(c2ccccc2)CCCCC1=O
Desomorphine,https://psychonautwiki.org/wiki/Desomorphine,Opioids,,,OC1=C2O[C@@H]3[C@@]45C2=C(C[C@H]([C@@H]5CCC3)N(C)CC4)C=C1,,CN1CC[C@]23c4c5ccc(O)c4O[C@H]2CCC[C@H]3[C@H]1C5
Desoxypipradrol,https://psychonautwiki.org/wiki/Desoxypipradrol,Stimulants,,,C1(C(C2NCCCC2)C3=CC=CC=C3)=CC=CC=C1,,c1ccc(C(c2ccccc2)C2CCCCN2)cc1
Dextromethorphan,https://psychonautwiki.org/wiki/Dextromethorphan,Dissociatives,,,CN1CC[C@@]23CCCC[C@@H]2[C@@H]1Cc4c3cc(cc4)OC,,COc1ccc2c(c1)[C@]13CCCC[C@@H]1[C@H](C2)N(C)CC3
Dextropropoxyphene,https://psychonautwiki.org/wiki/Dextropropoxyphene,Opioids,,,CCC(=O)O[C@](Cc1ccccc1)(c2ccccc2)[C@H](C)CN(C)C,,CCC(=O)O[C@](Cc1ccccc1)(c1ccccc1)[C@H](C)CN(C)C
DiPT,https://psychonautwiki.org/wiki/DiPT,Psychedelics,,,CC(C)N(CCc1c[nH]c2ccccc12)C(C)C,T,CC(C)N(CCc1c[nH]c2ccccc12)C(C)C
Diazepam,https://psychonautwiki.org/wiki/Diazepam,Depressant,,,c1ccccc1C2=NCC(=O)N(C)c3ccc(Cl)cc23,,CN1C(=O)CN=C(c2ccccc2)c2cc(Cl)ccc21
Dichloropane,https://psychonautwiki.org/wiki/Dichloropane,Stimulants,,,COC(=O)[C@@H]1[C@H]2CC[C@H](N2C)C[C@@H]1C3=CC(=C(C=C3)Cl)Cl,,COC(=O)[C@H]1[C@@H](c2ccc(Cl)c(Cl)c2)C[C@@H]2CC[C@H]1N2C
Diclazepam,https://psychonautwiki.org/wiki/Diclazepam,Depressant,,,CN1C2=C(C=C(C=C2)Cl)C(C3=C(Cl)C=CC=C3)=NCC1=O,,CN1C(=O)CN=C(c2ccccc2Cl)c2cc(Cl)ccc21
Diphenhydramine,https://psychonautwiki.org/wiki/Diphenhydramine,Deliriant,Depressant,,O(CCN(C)C)C(c1ccccc1)c2ccccc2,,CN(C)CCOC(c1ccccc1)c1ccccc1
Diphenidine,https://psychonautwiki.org/wiki/Diphenidine,Dissociatives,,,c1ccc(cc1)CC(c2ccccc2)N3CCCCC3,,c1ccc(CC(c2ccccc2)N2CCCCC2)cc1
ETH-CAT,https://psychonautwiki.org/wiki/ETH-CAT,Stimulants,,,O=C(c1ccccc1)C(NCC)C,,CCNC(C)C(=O)c1ccccc1
Ephenidine,https://psychonautwiki.org/wiki/Ephenidine,Dissociatives,,,CCNC(CC1=CC=CC=C1)C2=CC=CC=C2,,CCNC(Cc1ccccc1)c1ccccc1
Ephylone,https://psychonautwiki.org/wiki/Ephylone,Stimulants,Entactogens,,CCNC(CCC)C(=O)c2ccc1OCOc1c2,,CCCC(NCC)C(=O)c1ccc2c(c1)OCO2
Ergotamine,https://psychonautwiki.org/wiki/Ergotamine,,,,C[C@@]1(C(=O)N2[C@H](C(=O)N3CCC[C@H]3[C@@]2(O1)O)CC4=CC=CC=C4)NC(=O)[C@H]5CN([C@@H]6CC7=CNC8=CC=CC(=C78)C6=C5)C,,CN1C[C@H](C(=O)N[C@]2(C)O[C@@]3(O)[C@@H]4CCCN4C(=O)[C@H](Cc4ccccc4)N3C2=O)C=C2c3cccc4[nH]cc(c34)C[C@H]21
Escaline,https://psychonautwiki.org/wiki/Escaline,Psychedelics,,,O(c1c(OC)cc(cc1OC)CCN)CC,P,CCOc1c(OC)cc(CCN)cc1OC
Etazene,https://psychonautwiki.org/wiki/Etazene,,,,CCN(CC)CCN1C2=CC=CC=C2N=C1CC3=CC=C(C=C3)OCC,,CCOc1ccc(Cc2nc3ccccc3n2CCN(CC)CC)cc1
Ethylmorphine,https://psychonautwiki.org/wiki/Ethylmorphine,Opioids,,,O[C@H]2\C=C/[C@H]5[C@@H]4N(CC[C@@]51c3c(O[C@H]12)c(OCC)ccc3C4)C,,CCOc1ccc2c3c1O[C@H]1[C@@H](O)C=C[C@H]4[C@@H](C2)N(C)CC[C@]314
Ethylphenidate,https://psychonautwiki.org/wiki/Ethylphenidate,Stimulants,,,CCOC(=O)C(C1CCCCN1)C2=CC=CC=C2,,CCOC(=O)C(c1ccccc1)C1CCCCN1
Etizolam,https://psychonautwiki.org/wiki/Etizolam,Depressant,,,ClC1=CC=CC=C1C2=NCC3=NN=C(C)N3C4=C2C=C(CC)S4,,CCc1cc2c(s1)-n1c(C)nnc1CN=C2c1ccccc1Cl
F-Phenibut,https://psychonautwiki.org/wiki/F-Phenibut,Depressant,,,C1=CC(=CC=C1C(CC(=O)O)CN)F,,NCC(CC(=O)O)c1ccc(F)cc1
Fentanyl,https://psychonautwiki.org/wiki/Fentanyl,Opioids,,,O=C(CC)N(C1CCN(CC1)CCc2ccccc2)c3ccccc3,,CCC(=O)N(c1ccccc1)C1CCN(CCc2ccccc2)CC1
Flubromazepam,https://psychonautwiki.org/wiki/Flubromazepam,Depressant,,,BrC1=CC(C(C2=CC=CC=C2F)=NC3)=C(C=C1)NC3=O,,O=C1CN=C(c2ccccc2F)c2cc(Br)ccc2N1
Flubromazolam,https://psychonautwiki.org/wiki/Flubromazolam,Depressant,,,BrC1=CC3=C(C=C1)[N]2C(=NN=C2C)CN=C3C4=C(C=CC=C4)F,,Cc1nnc2n1-c1ccc(Br)cc1C(c1ccccc1F)=NC2
GBL,https://psychonautwiki.org/wiki/GBL,Depressant,,,O=C1OCCC1,,O=C1CCCO1
GHB,https://psychonautwiki.org/wiki/GHB,Depressant,,,O=C(O)CCCO,,O=C(O)CCCO
Gabapentin,https://psychonautwiki.org/wiki/Gabapentin,Depressant,,,O=C(O)CC1(CN)CCCCC1,,NCC1(CC(=O)O)CCCCC1
Galantamine,https://psychonautwiki.org/wiki/Galantamine,Sedative,Oneirogen,,O(c2c1O[C@H]4C[C@@H](O)/C=C\[C@@]43c1c(cc2)CN(C)CC3)C,,COc1ccc2c3c1O[C@H]1C[C@@H](O)C=C[C@@]31CCN(C)C2
Haloperidol,https://psychonautwiki.org/wiki/Haloperidol,Antipsychotic,,,c1cc(ccc1C(=O)CCCN2CCC(CC2)(c3ccc(cc3)Cl)O)F,,O=C(CCCN1CCC(O)(c2ccc(Cl)cc2)CC1)c1ccc(F)cc1
Heroin,https://psychonautwiki.org/wiki/Heroin,Opioids,,,CC(OC1=C(O[C@@H]2[C@]34CCN(C)[C@@H]([C@@H]4C=C[C@@H]2OC(C)=O)C5)C3=C5C=C1)=O,,CC(=O)Oc1ccc2c3c1O[C@H]1[C@@H](OC(C)=O)C=C[C@H]4[C@@H](C2)N(C)CC[C@]314
Hexedrone,https://psychonautwiki.org/wiki/Hexedrone,Stimulants,,,CCCCC(C(=O)C1=CC=CC=C1)NC,,CCCCC(NC)C(=O)c1ccccc1
Hydrocodone,https://psychonautwiki.org/wiki/Hydrocodone,Opioids,,,O=C4[C@@H]5Oc1c2c(ccc1OC)C[C@H]3N(CC[C@]25[C@H]3CC4)C,,COc1ccc2c3c1O[C@H]1C(=O)CC[C@H]4[C@@H](C2)N(C)CC[C@]314
Hydromorphone,https://psychonautwiki.org/wiki/Hydromorphone,Opioids,,,O=C4[C@@H]5Oc1c2c(ccc1O)C[C@H]3N(CC[C@]25[C@H]3CC4)C,,CN1CC[C@]23c4c5ccc(O)c4O[C@H]2C(=O)CC[C@H]3[C@H]1C5
Ibogaine,https://psychonautwiki.org/wiki/Ibogaine,Psychedelics,,,CC[C@H]([C@@H]1[N@](C2)CC3)C[C@@H]2C[C@H]1C(N4)=C3C5=C4C=CC(OC)=C5,T,CC[C@H]1C[C@@H]2C[C@H]3c4[nH]c5ccc(OC)cc5c4CC[N@@](C2)[C@@H]13
JWH-018,https://psychonautwiki.org/wiki/JWH-018,Cannabinoid,,,CCCCCN1C=C(C(C2=CC=CC3=CC=CC=C32)=O)C4=CC=CC=C41,,CCCCCn1cc(C(=O)c2cccc3ccccc23)c2ccccc21
JWH-073,https://psychonautwiki.org/wiki/JWH-073,Cannabinoid,,,CCCCN1C=C(C2=CC=CC=C21)C(=O)C3=CC=CC4=CC=CC=C43,,CCCCn1cc(C(=O)c2cccc3ccccc23)c2ccccc21
Ketamine,https://psychonautwiki.org/wiki/Ketamine,Dissociatives,,,Clc1ccccc1C2(NC)CCCCC2=O,,CNC1(c2ccccc2Cl)CCCCC1=O
LSA,https://psychonautwiki.org/wiki/LSA,Psychedelics,,,O=C(N)[C@@H]1C=C2C3=CC=CC4=C3C(C[C@@]2([H])N(C1)C)=CN4,,CN1C[C@H](C(N)=O)C=C2c3cccc4[nH]cc(c34)C[C@H]21
LSD,https://psychonautwiki.org/wiki/LSD,Psychedelics,,,CCN(CC)C(=O)[C@H]1CN([C@@H]2Cc3c[nH]c4c3c(ccc4)C2=C1)C,T,CCN(CC)C(=O)[C@@H]1C=C2c3cccc4[nH]cc(c34)C[C@H]2N(C)C1
LSM-775,https://psychonautwiki.org/wiki/LSM-775,Psychedelics,,,O=C(N1CCOCC1)[C@@H]5C=C4c2cccc3c2c(c[nH]3)C[C@H]4N(C)C5,,CN1C[C@H](C(=O)N2CCOCC2)C=C2c3cccc4[nH]cc(c34)C[C@H]21
LSZ,https://psychonautwiki.org/wiki/LSZ,Psychedelics,,,CN1C[C@@H](C=C2[C@H]1Cc1c[nH]c3c1c2ccc3)C(=O)N1[C@@H](C)C[C@@H]1C,,C[C@H]1C[C@H](C)N1C(=O)[C@@H]1C=C2c3cccc4[nH]cc(c34)C[C@H]2N(C)C1
Lisdexamfetamine,https://psychonautwiki.org/wiki/Lisdexamfetamine,Stimulants,,,O=C(N[C@H](Cc1ccccc1)C)[C@@H](N)CCCCN,,C[C@@H](Cc1ccccc1)NC(=O)[C@@H](N)CCCCN
Lorazepam,https://psychonautwiki.org/wiki/Lorazepam,Depressant,,,ClC1=CC=CC=C1C2=NC(C(NC3=C2C=C(C=C3)Cl)=O)O,,O=C1Nc2ccc(Cl)cc2C(c2ccccc2Cl)=NC1O
MCPP,https://psychonautwiki.org/wiki/MCPP,Stimulants,,,Clc1cc(ccc1)N2CCNCC2,,Clc1cccc(N2CCNCC2)c1
MDA,https://psychonautwiki.org/wiki/MDA,Stimulants,Psychedelics,Entactogens,NC(C)CC1=CC2=C(C=C1)OCO2,P,CC(N)Cc1ccc2c(c1)OCO2
MDAI,https://psychonautwiki.org/wiki/MDAI,Entactogens,,,C1C(CC2=CC3=C(C=C21)OCO3)N,,NC1Cc2cc3c(cc2C1)OCO3
MDEA,https://psychonautwiki.org/wiki/MDEA,Entactogens,,,CCNC(C)Cc1ccc2OCOc2c1,P,CCNC(C)Cc1ccc2c(c1)OCO2
MDMA,https://psychonautwiki.org/wiki/MDMA,Stimulants,Entactogens,,CC(NC)CC1=CC=C(OCO2)C2=C1,P,CNC(C)Cc1ccc2c(c1)OCO2
MPT,https://psychonautwiki.org/wiki/MPT,Psychedelics,,,CCCN(C)CCC1=CNC2=C1C=CC=C2,,CCCN(C)CCc1c[nH]c2ccccc12
MXiPr,https://psychonautwiki.org/wiki/MXiPr,Dissociatives,,,CC(C)NC1(CCCCC1=O)c1cccc(OC)c1,,COc1cccc(C2(NC(C)C)CCCCC2=O)c1
Melatonin,https://psychonautwiki.org/wiki/Melatonin,Oneirogen,,,COC1=CC2=C(NC=C2CCNC(C)=O)C=C1,T,COc1ccc2[nH]cc(CCNC(C)=O)c2c1
Memantine,https://psychonautwiki.org/wiki/Memantine,Dissociatives,,,NC12CC3(CC(C1)(CC(C2)C3)C)C,,CC12CC3CC(C)(C1)CC(N)(C3)C2
Mephedrone,https://psychonautwiki.org/wiki/Mephedrone,Stimulants,Entactogens,,CC1=CC=C(C(C(NC)C)=O)C=C1,,CNC(C)C(=O)c1ccc(C)cc1
Mescaline,https://psychonautwiki.org/wiki/Mescaline,Psychedelics,,,O(c1cc(cc(OC)c1OC)CCN)C,P,COc1cc(CCN)cc(OC)c1OC
Methadone,https://psychonautwiki.org/wiki/Methadone,Opioids,,,CCC(C(C1=CC=CC=C1)(C2=CC=CC=C2)CC(N(C)C)C)=O,,CCC(=O)C(CC(C)N(C)C)(c1ccccc1)c1ccccc1
Methamphetamine,https://psychonautwiki.org/wiki/Methamphetamine,Stimulants,,,CNC(C)Cc1ccccc1,,CNC(C)Cc1ccccc1
Methaqualone,https://psychonautwiki.org/wiki/Methaqualone,Depressant,,,O=C1C2=C(C=CC=C2)N=C(C)N1C3=C(C)C=CC=C3,,Cc1ccccc1-n1c(C)nc2ccccc2c1=O
Methiopropamine,https://psychonautwiki.org/wiki/Methiopropamine,Stimulants,,,CNC(C)CC1=CC=CS1,,CNC(C)Cc1cccs1
Methoxetamine,https://psychonautwiki.org/wiki/Methoxetamine,Dissociatives,,,O=C1CCCCC1(C2=CC=CC(OC)=C2)NCC,,CCNC1(c2cccc(OC)c2)CCCCC1=O
Methoxphenidine,https://psychonautwiki.org/wiki/Methoxphenidine,Dissociatives,,,COC1=C(C=CC=C1)C(CC2=CC=CC=C2)N3CCCCC3,,COc1ccccc1C(Cc1ccccc1)N1CCCCC1
Methylnaphthidate,https://psychonautwiki.org/wiki/Methylnaphthidate,Stimulants,,,O=C(OC)[C@H](C1=CC2=C(C=C1)C=CC=C2)[C@]3([H])CCCCN3,,COC(=O)[C@H](c1ccc2ccccc2c1)[C@@H]1CCCCN1
Methylone,https://psychonautwiki.org/wiki/Methylone,Stimulants,Entactogens,,CC(NC)C(=O)C1=CC=C(OCO2)C2=C1,,CNC(C)C(=O)c1ccc2c(c1)OCO2
Methylphenidate,https://psychonautwiki.org/wiki/Methylphenidate,Stimulants,,,O=C(OC)C(C1CCCCN1)C2=CC=CC=C2,,COC(=O)C(c1ccccc1)C1CCCCN1
Metizolam,https://psychonautwiki.org/wiki/Metizolam,Depressant,,,ClC1=C(C=CC=C1)C3=NCC2=NN=C[N]2C4=C3C=C(S4)CC,,CCc1cc2c(s1)-n1cnnc1CN=C2c1ccccc1Cl
Mexedrone,https://psychonautwiki.org/wiki/Mexedrone,Stimulants,,,Cc1ccc(cc1)C(=O)C(COC)NC,,CNC(COC)C(=O)c1ccc(C)cc1
MiPT,https://psychonautwiki.org/wiki/MiPT,Psychedelics,,,CC(C)N(C)CCc1c[nH]c2ccccc12,,CC(C)N(C)CCc1c[nH]c2ccccc12
Midazolam,https://psychonautwiki.org/wiki/Midazolam,Depressant,,,ClC1=CC=C2C(C(C3=CC=CC=C3F)=NCC4=CN=C(C)N42)=C1,,Cc1ncc2n1-c1ccc(Cl)cc1C(c1ccccc1F)=NC2
Modafinil,https://psychonautwiki.org/wiki/Modafinil,Eugeroic,,,O=S(C(c1ccccc1)c2ccccc2)CC(=O)N,,NC(=O)CS(=O)C(c1ccccc1)c1ccccc1
Morphine,https://psychonautwiki.org/wiki/Morphine,Opioids,,,CN1CC[C@]23C4=C5C=CC(O)=C4O[C@H]2[C@@H](O)C=C[C@H]3[C@H]1C5,,CN1CC[C@]23c4c5ccc(O)c4O[C@H]2[C@@H](O)C=C[C@H]3[C@H]1C5
Myristicin,https://psychonautwiki.org/wiki/Myristicin,Deliriant,,,O1c2cc(cc(OC)c2OC1)C\C=C,,C=CCc1cc(OC)c2c(c1)OCO2
N-Acetylcysteine,https://psychonautwiki.org/wiki/N-Acetylcysteine,Nootropic,,,C/C(=N/[C@@H](CS)C(=O)O)/O,,C/C(O)=N/[C@@H](CS)C(=O)O
N-Methylbisfluoromodafinil,https://psychonautwiki.org/wiki/N-Methylbisfluoromodafinil,Nootropic,,,CNC(=O)CS(=O)C(c1ccc(cc1)F)c1ccc(cc1)F,,CNC(=O)CS(=O)C(c1ccc(F)cc1)c1ccc(F)cc1
NEP,https://psychonautwiki.org/wiki/NEP,Stimulants,,,CCCC(C(=O)c1ccccc1)NCC,,CCCC(NCC)C(=O)c1ccccc1
NM-2-AI,https://psychonautwiki.org/wiki/NM-2-AI,Stimulants,,,CNC2CC1=CC=CC=C1C2,,CNC1Cc2ccccc2C1
Naloxone,https://psychonautwiki.org/wiki/Naloxone,Opioids,,,O=C1[C@@H]2OC3=C(O)C=CC4=C3[C@@]2([C@]5(CC1)O)CCN(CC=C)[C@@H]5C4,,C=CCN1CC[C@]23c4c5ccc(O)c4O[C@H]2C(=O)CC[C@@]3(O)[C@H]1C5
Nicotine,https://psychonautwiki.org/wiki/Nicotine,Stimulants,,,CN1CCC[C@H]1C1=CC=CN=C1,,CN1CCC[C@H]1c1cccnc1
Nifoxipam,https://psychonautwiki.org/wiki/Nifoxipam,Depressant,,,O=C1C(O)N=C(C2=CC=CC=C2F)C3=CC([N+]([O-])=O)=CC=C3N1,,O=C1Nc2ccc([N+](=O)[O-])cc2C(c2ccccc2F)=NC1O
Nitrous,https://psychonautwiki.org/wiki/Nitrous,Dissociatives,,,N#[N+][O-],,N#[N+][O-]
O-Desmethyltramadol,https://psychonautwiki.org/wiki/O-Desmethyltramadol,Opioids,,,OC2(c1cc(O)ccc1)CCCCC2CN(C)C,,CN(C)CC1CCCCC1(O)c1cccc(O)c1
O-PCE,https://psychonautwiki.org/wiki/O-PCE,Dissociatives,,,CCNC1(CCCCC1=O)C2=CC=CC=C2,,CCNC1(c2ccccc2)CCCCC1=O
Omberacetam,https://psychonautwiki.org/wiki/Omberacetam,Nootropic,,,c2ccccc2CC(=O)N1CCC[C@@H]1C(=O)NCC(=O)OCC,,CCOC(=O)CNC(=O)[C@H]1CCCN1C(=O)Cc1ccccc1
Oxiracetam,https://psychonautwiki.org/wiki/Oxiracetam,Stimulants,Nootropic,,O=C(N)CN1C(=O)CC(O)C1,,NC(=O)CN1CC(O)CC1=O
Oxycodone,https://psychonautwiki.org/wiki/Oxycodone,Opioids,,,O=C4[C@@H]5Oc1c2c(ccc1OC)C[C@H]3N(CC[C@]25[C@@]3(O)CC4)C,,COc1ccc2c3c1O[C@H]1C(=O)CC[C@@]4(O)[C@@H](C2)N(C)CC[C@]314
Oxymorphone,https://psychonautwiki.org/wiki/Oxymorphone,Opioids,,,O=C1[C@@H]2OC3=C(O)C=CC4=C3[C@@]2([C@]5(CC1)O)CCN(C)[C@@H]5C4,,CN1CC[C@]23c4c5ccc(O)c4O[C@H]2C(=O)CC[C@@]3(O)[C@H]1C5
PARGY-LAD,https://psychonautwiki.org/wiki/PARGY-LAD,Psychedelics,,,CCN(CC)C(=O)[C@@H]2C=C1c3cccc4[nH]cc(C[C@H]1N(C2)CC#C)c34,,C#CCN1C[C@H](C(=O)N(CC)CC)C=C2c3cccc4[nH]cc(c34)C[C@H]21
PCE,https://psychonautwiki.org/wiki/PCE,Dissociatives,,,CCNC1(CCCCC1)C2=CC=CC=C2,,CCNC1(c2ccccc2)CCCCC1
PCP,https://psychonautwiki.org/wiki/PCP,Dissociatives,,,C1(C2(N3CCCCC3)CCCCC2)=CC=CC=C1,,c1ccc(C2(N3CCCCC3)CCCCC2)cc1
PMA,https://psychonautwiki.org/wiki/PMA,Entactogens,,,C1=CC(=CC=C1CC(C)N)OC,,COc1ccc(CC(C)N)cc1
PMMA,https://psychonautwiki.org/wiki/PMMA,Entactogens,,,CC(CC1=CC=C(C=C1)OC)NC,,CNC(C)Cc1ccc(OC)cc1
Pentedrone,https://psychonautwiki.org/wiki/Pentedrone,Stimulants,,,O=C(C(CCC)NC)C1=CC=CC=C1,,CCCC(NC)C(=O)c1ccccc1
Pentobarbital,https://psychonautwiki.org/wiki/Pentobarbital,Depressant,,,O=C1NC(=O)NC(=O)C1(C(C)CCC)CC,,CCCC(C)C1(CC)C(=O)NC(=O)NC1=O
Pethidine,https://psychonautwiki.org/wiki/Pethidine,Opioids,,,O=C(C1(CCN(CC1)C)C2=CC=CC=C2)OCC,,CCOC(=O)C1(c2ccccc2)CCN(C)CC1
Phenethylamine (compound),https://psychonautwiki.org/wiki/Phenethylamine_(compound),,,,NCCc1ccccc1,,NCCc1ccccc1
Phenibut,https://psychonautwiki.org/wiki/Phenibut,Depressant,,,O=C(O)CC(c1ccccc1)CN,,NCC(CC(=O)O)c1ccccc1
Phenobarbital,https://psychonautwiki.org/wiki/Phenobarbital,Depressant,,,O=C1NC(=O)NC(=O)C1(c2ccccc2)CC,,CCC1(c2ccccc2)C(=O)NC(=O)NC1=O
Phenylpiracetam,https://psychonautwiki.org/wiki/Phenylpiracetam,Stimulants,Nootropic,,C1=CC=CC=C1C2CN(C(C2)=O)CC(=O)N,,NC(=O)CN1CC(c2ccccc2)CC1=O
Piracetam,https://psychonautwiki.org/wiki/Piracetam,Nootropic,,,O=C1N(CC(=O)N)CCC1,,NC(=O)CN1CCCC1=O
Pramiracetam,https://psychonautwiki.org/wiki/Pramiracetam,Nootropic,,,O=C1N(CC(=O)NCCN(C(C)C)C(C)C)CCC1,,CC(C)N(CCNC(=O)CN1CCCC1=O)C(C)C
Pregabalin,https://psychonautwiki.org/wiki/Pregabalin,Depressant,,,CC(C)CC(CC(=O)O)CN,,CC(C)CC(CN)CC(=O)O
Prochlorperazine,https://psychonautwiki.org/wiki/Prochlorperazine,Antipsychotic,,,Clc2cc1N(c3c(Sc1cc2)cccc3)CCCN4CCN(C)CC4,,CN1CCN(CCCN2c3ccccc3Sc3ccc(Cl)cc32)CC1
Prolintane,https://psychonautwiki.org/wiki/Prolintane,Stimulants,,,CCCC(N1CCCC1)CC2=CC=CC=C2,,CCCC(Cc1ccccc1)N1CCCC1
Propylhexedrine,https://psychonautwiki.org/wiki/Propylhexedrine,Stimulants,,,N(C(CC1CCCCC1)C)C,,CNC(C)CC1CCCCC1
Psilocin,https://psychonautwiki.org/wiki/Psilocin,Psychedelics,,,CN(C)CCc1c[nH]c2cccc(O)c12,,CN(C)CCc1c[nH]c2cccc(O)c12
Pyrazolam,https://psychonautwiki.org/wiki/Pyrazolam,Depressant,,,CC1=NN=C2CN=C(C3=NC=CC=C3)C3=CC(Br)=CC=C3N12,,Cc1nnc2n1-c1ccc(Br)cc1C(c1ccccn1)=NC2
Quetiapine,https://psychonautwiki.org/wiki/Quetiapine,Antipsychotic,,,N\1=C(\c3c(Sc2c/1cccc2)cccc3)N4CCN(CCOCCO)CC4,,OCCOCCN1CCN(C2=Nc3ccccc3Sc3ccccc32)CC1
Risperidone,https://psychonautwiki.org/wiki/Risperidone,Antipsychotic,,,Cc1c(c(=O)n2c(n1)CCCC2)CCN3CCC(CC3)c4c5ccc(cc5on4)F,,Cc1nc2n(c(=O)c1CCN1CCC(c3noc4cc(F)ccc34)CC1)CCCC2
SAM-e,https://psychonautwiki.org/wiki/SAM-e,Nootropic,,,O=C(O)C(N)CC[S+](C)C[C@H]3O[C@@H](n2cnc1c(ncnc12)N)[C@H](O)[C@@H]3O,,C[S+](CCC(N)C(=O)O)C[C@H]1O[C@@H](n2cnc3c(N)ncnc32)[C@H](O)[C@@H]1O
STS-135,https://psychonautwiki.org/wiki/STS-135,Cannabinoid,,,FCCCCCn1cc(c2c1cccc2)C(=O)NC12CC3CC(C2)CC(C1)C3,,O=C(NC12CC3CC(CC(C3)C1)C2)c1cn(CCCCCF)c2ccccc12
Salvinorin A,https://psychonautwiki.org/wiki/Salvinorin_A,Hallucinogens,,,O=C(OC)[C@H]2[C@@]3(CC[C@H]4C(=O)O[C@H](c1ccoc1)C[C@@]4([C@H]3C(=O)[C@@H](OC(=O)C)C2)C)C,,COC(=O)[C@@H]1C[C@H](OC(C)=O)C(=O)[C@H]2[C@@]1(C)CC[C@H]1C(=O)O[C@H](c3ccoc3)C[C@]21C
Salvinorin B methoxymethyl ether,https://psychonautwiki.org/wiki/Salvinorin_B_methoxymethyl_ether,Hallucinogens,,,C[C@@]12CC[C@H]3C(=O)O[C@@H](C[C@@]3([C@H]1C(=O)[C@H](C[C@H]2C(=O)OC)OCOC)C)C4=COC=C4,,COCO[C@H]1C[C@@H](C(=O)OC)[C@]2(C)CC[C@H]3C(=O)O[C@H](c4ccoc4)C[C@]3(C)[C@H]2C1=O
Secobarbital,https://psychonautwiki.org/wiki/Secobarbital,Depressant,,,O=C1NC(NC(C1(CC=C)C(CCC)C)=O)=O,,C=CCC1(C(C)CCC)C(=O)NC(=O)NC1=O
Sufentanil,https://psychonautwiki.org/wiki/Sufentanil,Opioids,,,O=C(N(c1ccccc1)C2(COC)CCN(CC2)CCc3sccc3)CC,,CCC(=O)N(c1ccccc1)C1(COC)CCN(CCc2cccs2)CC1
THJ-018,https://psychonautwiki.org/wiki/THJ-018,Cannabinoid,,,O=C(C1=NN(CCCCC)C2=C1C=CC=C2)C3=C4C(C=CC=C4)=CC=C3,,CCCCCn1nc(C(=O)c2cccc3ccccc23)c2ccccc21
THJ-2201,https://psychonautwiki.org/wiki/THJ-2201,Cannabinoid,,,c1ccc2c(c1)cccc2C(=O)c3c4ccccc4n(n3)CCCCCF,,O=C(c1cccc2ccccc12)c1nn(CCCCCF)c2ccccc12
TMA-2,https://psychonautwiki.org/wiki/TMA-2,Stimulants,Psychedelics,,COc1cc(OC)c(cc1CC(N)C)OC,P,COc1cc(OC)c(OC)cc1CC(C)N
TMA-6,https://psychonautwiki.org/wiki/TMA-6,Stimulants,Psychedelics,,COc1cc(OC)cc(c1CC(N)C)OC,P,COc1cc(OC)c(CC(C)N)c(OC)c1
Tapentadol,https://psychonautwiki.org/wiki/Tapentadol,Opioids,,,Oc1cc(ccc1)[C@@H]([C@@H](C)CN(C)C)CC,,CC[C@@H](c1cccc(O)c1)[C@@H](C)CN(C)C
Temazepam,https://psychonautwiki.org/wiki/Temazepam,Depressant,,,CN1C2=C(C(C3=CC=CC=C3)=NC(O)C1=O)C=C(Cl)C=C2,,CN1C(=O)C(O)N=C(c2ccccc2)c2cc(Cl)ccc21
Theacrine,https://psychonautwiki.org/wiki/Theacrine,Stimulants,Nootropic,,CN1C2=C(N(C1=O)C)N(C(=O)N(C2=O)C)C,,Cn1c(=O)c2c(n(C)c1=O)n(C)c(=O)n2C
Theanine,https://psychonautwiki.org/wiki/Theanine,Nootropic,,,CCNC(=O)CC[C@H](N)C(=O)O,,CCNC(=O)CC[C@H](N)C(=O)O
Thebaine,https://psychonautwiki.org/wiki/Thebaine,,,,COC1=CC=C2[C@@H](C3)N(C)CC[C@@]24C5=C3C=CC(OC)=C5O[C@@H]14,,COC1=CC=C2[C@H]3Cc4ccc(OC)c5c4[C@@]2(CCN3C)[C@H]1O5
Tramadol,https://psychonautwiki.org/wiki/Tramadol,Opioids,,,CN(C)C[C@H]1CCCC[C@@]1(C2=CC(=CC=C2)OC)O,,COc1cccc([C@@]2(O)CCCC[C@@H]2CN(C)C)c1
Tryptamine (compound),https://psychonautwiki.org/wiki/Tryptamine_(compound),,,,c1ccc2c(c1)c(c[nH]2)CCN,T,NCCc1c[nH]c2ccccc12
Tyrosine,https://psychonautwiki.org/wiki/Tyrosine,Stimulants,,,N[C@@H](Cc1ccc(O)cc1)C(O)=O,,N[C@@H](Cc1ccc(O)cc1)C(=O)O
U-47700,https://psychonautwiki.org/wiki/U-47700,Opioids,,,ClC1=C(C=CC(=C1)C(=O)N(C)[C@@H]2CCCC[C@H]2N(C)C)Cl,,CN(C)[C@@H]1CCCC[C@H]1N(C)C(=O)c1ccc(Cl)c(Cl)c1
Zolpidem,https://psychonautwiki.org/wiki/Zolpidem,Hallucinogens,Depressant,,CN(C)C(=O)Cc1c(nc2ccc(C)cn12)c3ccc(C)cc3,,Cc1ccc(-c2nc3ccc(C)cn3c2CC(=O)N(C)C)cc1
Zopiclone,https://psychonautwiki.org/wiki/Zopiclone,Hallucinogens,Depressant,,O=C(OC3c1nccnc1C(=O)N3c2ncc(Cl)cc2)N4CCN(C)CC4,,CN1CCN(C(=O)OC2c3nccnc3C(=O)N2c2ccc(Cl)cn2)CC1
AMT,https://psychonautwiki.org/wiki/%CE%91MT,Psychedelics,Entactogens,,NC(CC1=CNC2=C1C=CC=C2)C,T,CC(N)Cc1c[nH]c2ccccc12
Bk-2C-B,https://psychonautwiki.org/wiki/%CE%92k-2C-B,Psychedelics,,,COC1=CC(C(=O)CN)=C(OC)C=C1Br,,COc1cc(C(=O)CN)c(OC)cc1Br
4-AcO-DiPT,https://psychonautwiki.org/wiki/4-AcO-DiPT,Psychedelics,,,CC(C)N(CCc1c[nH]c2c1c(ccc2)OC(=O)C)C(C)C,,CC(=O)Oc1cccc2[nH]cc(CCN(C(C)C)C(C)C)c12
4-HO-DET,https://psychonautwiki.org/wiki/4-HO-DET,Psychedelics,,,CCN(CC)CCc1c[nH]c2cccc(O)c12,T,CCN(CC)CCc1c[nH]c2cccc(O)c12
4-HO-DPT,https://psychonautwiki.org/wiki/4-HO-DPT,Psychedelics,,,CCCN(CCC)CCc2c[nH]c1cccc(O)c12,T,CCCN(CCC)CCc1c[nH]c2cccc(O)c12
Serotonin,https://psychonautwiki.org/wiki/Serotonin,,,,C1=CC2=C(C=C1O)C(=CN2)CCN,,NCCc1c[nH]c2ccc(O)cc12
Bufotenin,https://psychonautwiki.org/wiki/5-HO-DMT,Psychedelics,,,CN(C)CCc1c[nH]c2ccc(O)cc12,T,CN(C)CCc1c[nH]c2ccc(O)cc12
5-MeO-DiPT,https://psychonautwiki.org/wiki/5-MeO-DiPT,Psychedelics,,,CC(C)N(C(C)C)CCC1=C[NH]C(C=C2)=C1C=C2OC,T,COc1ccc2[nH]cc(CCN(C(C)C)C(C)C)c2c1
5-Hydroxytryptophan,https://psychonautwiki.org/wiki/5-HTP,Nootropic,,,O=C(O)[C@@H](N)Cc2c1cc(O)ccc1[nH]c2,,N[C@@H](Cc1c[nH]c2ccc(O)cc12)C(=O)O
Isopropylphenidate,https://psychonautwiki.org/wiki/Isopropylphenidate,Stimulants,,,C1(=CC=CC=C1)C(C(=O)OC(C)C)C2CCCCN2,,CC(C)OC(=O)C(c1ccccc1)C1CCCCN1
"3,4-CTMP","https://psychonautwiki.org/wiki/3,4-CTMP",Stimulants,,,N2CCCCC2C(C(=O)OC)c(cc1Cl)ccc1Cl,,COC(=O)C(c1ccc(Cl)c(Cl)c1)C1CCCCN1
Proscaline,https://psychonautwiki.org/wiki/Proscaline,Psychedelics,,,COc1cc(cc(OC)c1OCCC)CCN,,CCCOc1c(OC)cc(CCN)cc1OC
Allylescaline,https://psychonautwiki.org/wiki/Allylescaline,Psychedelics,,,COc1cc(cc(OC)c1OCC=C)CCN,,C=CCOc1c(OC)cc(CCN)cc1OC
Methallylescaline,https://psychonautwiki.org/wiki/Methallylescaline,Psychedelics,,,CC(=C)COc1c(cc(cc1OC)CCN)OC,,C=C(C)COc1c(OC)cc(CCN)cc1OC
N-Ethylhexedrone,https://psychonautwiki.org/wiki/Hexen,Stimulants,,,CCCCC(NCC)C(=O)c1ccccc1,,CCCCC(NCC)C(=O)c1ccccc1
A-PHP,https://psychonautwiki.org/wiki/A-PHP,Stimulants,,,C1(=CC=CC=C1)C(C(CCCC)N2CCCC2)=O,,CCCCC(C(=O)c1ccccc1)N1CCCC1
MDPV,https://psychonautwiki.org/wiki/MDPV,Stimulants,Entactogens,,O=C(C(CCC)N1CCCC1)C2=CC=C3C(OCO3)=C2,,CCCC(C(=O)c1ccc2c(c1)OCO2)N1CCCC1
Bromo-DragonFLY,https://psychonautwiki.org/wiki/Bromo-DragonFLY,Psychedelics,,,CC(N)Cc1c2ccoc2c(Br)c2ccoc12,,CC(N)Cc1c2ccoc2c(Br)c2ccoc12
PRO-LAD,https://psychonautwiki.org/wiki/PRO-LAD,Psychedelics,,,CCN(CC)C(=O)[C@@H]2C=C1c3cccc4[nH]cc(C[C@H]1N(C2)CCC)c34,T,CCCN1C[C@H](C(=O)N(CC)CC)C=C2c3cccc4[nH]cc(c34)C[C@H]21
MiPLA,https://psychonautwiki.org/wiki/MIPLA,Psychedelics,,,C4N(C)C1Cc2c[nH]c(ccc3)c2c3C1=CC4C(=O)N(C)C(C)C,,CC(C)N(C)C(=O)C1C=C2c3cccc4[nH]cc(c34)CC2N(C)C1
ETH-LAD,https://psychonautwiki.org/wiki/ETH-LAD,Psychedelics,,,CCN(C([C@@H]1C=C2C3=CC=CC4=C3C(C[C@H]2N(CC)C1)=CN4)=O)CC,T,CCN(CC)C(=O)[C@@H]1C=C2c3cccc4[nH]cc(c34)C[C@H]2N(CC)C1
AL-LAD,https://psychonautwiki.org/wiki/AL-LAD,Psychedelics,,,[H][C@@]12Cc3c[nH]c4cccc(C1=C[C@@H](C(=O)N(CC)CC)CN2CC=C)c34,T,C=CCN1C[C@H](C(=O)N(CC)CC)C=C2c3cccc4[nH]cc(c34)C[C@H]21
1P-ETH-LAD,https://psychonautwiki.org/wiki/1P-ETH-LAD,Psychedelics,,,CCC(=O)N1C=C2C[C@@H]3C(=C[C@H](CN3CC)C(=O)N(CC)CC)C4=C2C1=CC=C4,,CCC(=O)n1cc2c3c(cccc31)C1=C[C@@H](C(=O)N(CC)CC)CN(CC)[C@@H]1C2
MET,https://psychonautwiki.org/wiki/MET,Psychedelics,,,c1cccc2c1c(c[nH]2)CCN(CC)C,,CCN(C)CCc1c[nH]c2ccccc12
EPT,https://psychonautwiki.org/wiki/EPT,Psychedelics,,,CCCN(CC)CCC1=CNC2=CC=CC=C12,,CCCN(CC)CCc1c[nH]c2ccccc12
4-HO-DiPT,https://psychonautwiki.org/wiki/4-HO-DiPT,Psychedelics,,,CC(C)N(CCc1c[nH]c2cccc(O)c12)C(C)C,T,CC(C)N(CCc1c[nH]c2cccc(O)c12)C(C)C
2C-T-21,https://psychonautwiki.org/wiki/2C-T-21,Psychedelics,,,COc1cc(SCCF)c(cc1CCN)OC,P,COc1cc(SCCF)c(OC)cc1CCN
2C-T-7,https://psychonautwiki.org/wiki/2C-T-7,Psychedelics,,,COc1cc(SCCC)c(cc1CCN)OC,P,CCCSc1cc(OC)c(CCN)cc1OC
DOI,https://psychonautwiki.org/wiki/DOI,Psychedelics,,,IC(C=C1OC)=C(OC)C=C1CC(C)N,P,COc1cc(CC(C)N)c(OC)cc1I
DOM,https://psychonautwiki.org/wiki/DOM,Psychedelics,,,O(c1cc(c(OC)cc1C[C@H](N)C)C)C,P,COc1cc(C[C@@H](C)N)c(OC)cc1C
2-Me-DET,https://isomerdesign.com/PiHKAL/explore.php?domain=tk&id=5033&name=2-Me-DET,,,,c1cccc2c1c(c([nH]2)C)CCN(CC)CC,T,CCN(CC)CCc1c(C)[nH]c2ccccc12
25E-NBOH,,,,,CCC1=CC(=C(C=C1OC)CCNCC2=CC=CC=C2O)OC,,CCc1cc(OC)c(CCNCc2ccccc2O)cc1OC
25E-NBOMe,,,,,COC(C=CC=C1)=C1CNCCC2=C(OC)C=C(CC)C(OC)=C2,,CCc1cc(OC)c(CCNCc2ccccc2OC)cc1OC
25G-NBOMe,,,,,CC1=C(C=C(C(=C1C)OC)CCNCC2=CC=CC=C2OC)OC,,COc1ccccc1CNCCc1cc(OC)c(C)c(C)c1OC
25H-NBOMe,,,,,COC1=CC(=C(C=C1)OC)CCNCC2=CC=CC=C2OC,,COc1ccc(OC)c(CCNCc2ccccc2OC)c1
25P-NBOMe,,,,,CCCC1=CC(OC)=C(CCNCC2=C(OC)C=CC=C2)C=C1OC,,CCCc1cc(OC)c(CCNCc2ccccc2OC)cc1OC
25iP-NBOMe,,,,,CC(C)C1=C(C=C(C(=C1)OC)CCNCC2=CC=CC=C2OC)OC,,COc1cc(C(C)C)c(OC)cc1CCNCc1ccccc1OC
2C-G,,,,,COc1c(C)c(C)c(cc1CCN)OC,P,COc1cc(CCN)c(OC)c(C)c1C
2C-TFM,,,,,FC(F)(C1=C(OC)C=C(CCN)C(OC)=C1)F,,COc1cc(C(F)(F)F)c(OC)cc1CCN
2C-iP,,,,,COC1=C(C=C(C(=C1)C(C)C)OC)CCN,,COc1cc(C(C)C)c(OC)cc1CCN
3-Methylamphetamine,,,,,c1ccc(C)cc1CC(C)N,,Cc1cccc(CC(C)N)c1
3C-P,,,,,CC(N)Cc1cc(OC)c(OCCC)c(c1)OC,,CCCOc1c(OC)cc(CC(C)N)cc1OC
4-HO-MT,,,,,CC(N)CC1=CNC2=CC=CC(O)=C12,,CC(N)Cc1c[nH]c2cccc(O)c12
4-Me-MT,,,,,CC(N)Cc2c1c([nH]c2)cccc1C,,Cc1cccc2[nH]cc(CC(C)N)c12
4-MeO-DMT,,,,,CN(C)CCC1=CNC2=CC=CC(OC)=C21,,COc1cccc2[nH]cc(CCN(C)C)c12
4-MeO-MiPT,https://isomerdesign.com/PiHKAL/explore.php?domain=tk&id=5039&name=4-MeO-MIPT,,,,CC(N(CCC1=CNC2=C1C(OC)=CC=C2)C)C,T,COc1cccc2[nH]cc(CCN(C)C(C)C)c12
4-Methylamphetamine,,,,,NC(Cc1ccc(cc1)C)C,,Cc1ccc(CC(C)N)cc1
4-Methylmethylphenidate,,,,,Cc2ccc(cc2)C(C(=O)OC)C1CCCCN1,,COC(=O)C(c1ccc(C)cc1)C1CCCCN1
4C-B,,,,,CCC(CC1=CC(=C(C=C1OC)Br)OC)N,,CCC(N)Cc1cc(OC)c(Br)cc1OC
4C-T-2,,,,,COC1=C(CC(CC)N)C=C(OC)C(SCC)=C1,,CCSc1cc(OC)c(CC(N)CC)cc1OC
"5,6-MeO-MiPT","https://isomerdesign.com/PiHKAL/explore.php?domain=tk&id=5041&name=5,6-MeO-MIPT",,,,CC(C)N(C)CCc2c[nH]c1cc(OC)c(OC)cc12,T,COc1cc2[nH]cc(CCN(C)C(C)C)c2cc1OC
5-Chloro-MT,,,,,CC(Cc1c[nH]c2c1cc(cc2)Cl)N,,CC(N)Cc1c[nH]c2ccc(Cl)cc12
5-Fluoro-DMT,,,,,CN(C)CCC1=CNC2=C1C=C(C=C2)F,,CN(C)CCc1c[nH]c2ccc(F)cc12
5-IT,,,,,CC(N)Cc2cc1cc[nH]c1cc2,,CC(N)Cc1ccc2[nH]ccc2c1
5-MeO-AET,,,,,CCC(N)Cc2c[nH]c1ccc(cc12)OC,,CCC(N)Cc1c[nH]c2ccc(OC)cc12
5-MeO-DET,https://isomerdesign.com/PiHKAL/explore.php?domain=tk&id=5036&name=5-MeO-DET,,,,CCN(CC)CCc1c[nH]c2ccc(OC)cc12,T,CCN(CC)CCc1c[nH]c2ccc(OC)cc12
5-MeO-DPT,,,,,CCCN(CCC)CCc2c[nH]c1ccc(cc12)OC,,CCCN(CCC)CCc1c[nH]c2ccc(OC)cc12
5-MeO-NMT,https://isomerdesign.com/PiHKAL/explore.php?domain=tk&id=5042&name=5-MeO-NMT,,,,CNCCC1=CNC2=CC=C(C=C21)OC,T,CNCCc1c[nH]c2ccc(OC)cc12
5-MeO-aMT,,,,,N[C@@H](C)CC1=CNC(C=C2)=C1C=C2OC,,COc1ccc2[nH]cc(C[C@H](C)N)c2c1
5-MeO-pyr-T,https://isomerdesign.com/PiHKAL/explore.php?domain=tk&id=5043&name=5-MeO-pyr-T,,,,O(c3ccc1c(c(c[nH]1)CCN2CCCC2)c3)C,T,COc1ccc2[nH]cc(CCN3CCCC3)c2c1
5-MeS-DMT,https://isomerdesign.com/PiHKAL/explore.php?domain=tk&id=5046&name=5-MeS-DMT,,,,CN(CCC1=CNC2=C1C=C(SC)C=C2)C,T,CSc1ccc2[nH]cc(CCN(C)C)c2c1
6-MeO-THH,COc1ccc2c(c1)c1CCNC(c1[nH]2)C,,,,CC1NCCC2=C1NC(C=C3)=C2C=C3OC,T,COc1ccc2[nH]c3c(c2c1)CCNC3C
Allobarbital,,,,,O=C1NC(=O)NC(=O)C1(C\C=C)C\C=C,,C=CCC1(CC=C)C(=O)NC(=O)NC1=O
"Alpha,N-DMT","https://isomerdesign.com/PiHKAL/explore.php?domain=tk&id=5008&name=%CE%B1,N-DMT",,,,CNC(Cc1c[nH]c2c1cccc2)C,T,CNC(C)Cc1c[nH]c2ccccc12
Alphenal,,,,,O=C1NC(=O)NC(=O)C1(c2ccccc2)C\C=C,,C=CCC1(c2ccccc2)C(=O)NC(=O)NC1=O
Aminorex,,,,,NC1=NCC(C2=CC=CC=C2)O1,,NC1=NCC(c2ccccc2)O1
Amobarbital,,,,,O=C1NC(=O)NC(=O)C1(CCC(C)C)CC,,CCC1(CCC(C)C)C(=O)NC(=O)NC1=O
Aprobarbital,,,,,O=C1NC(=O)NC(=O)C1(C(C)C)C\C=C,,C=CCC1(C(C)C)C(=O)NC(=O)NC1=O
Barbital,,,,,O=C1NC(=O)NC(=O)C1(CC)CC,,CCC1(CC)C(=O)NC(=O)NC1=O
Barbituric acid,,,,,O=C1NC(=O)NC(=O)C1,,O=C1CC(=O)NC(=O)N1
Benzphetamine,,,,,N(C)(Cc1ccccc1)[C@@H](C)Cc2ccccc2,,C[C@@H](Cc1ccccc1)N(C)Cc1ccccc1
Brallobarbital,,,,,O=C1NC(=O)NC(=O)C1(CC(\Br)=C)C\C=C,,C=CCC1(CC(=C)Br)C(=O)NC(=O)NC1=O
Buphedrone,,,,,CNC(CC)C(=O)c1ccccc1,,CCC(NC)C(=O)c1ccccc1
Bupropion,,,,,O=C(C(C)NC(C)(C)C)C1=CC=CC(Cl)=C1,,CC(NC(C)(C)C)C(=O)c1cccc(Cl)c1
Butabarbital,,,,,O=C1NC(=O)NC(=O)C1(C(C)CC)CC,,CCC(C)C1(CC)C(=O)NC(=O)NC1=O
Butalbital,,,,,O=C1NC(=O)NC(=O)C1(CC(C)C)C\C=C,,C=CCC1(CC(C)C)C(=O)NC(=O)NC1=O
Cathine,,,,,O[C@@H](c1ccccc1)[C@@H](N)C,,C[C@H](N)[C@@H](O)c1ccccc1
Cathinone,,,,,O=C(c1ccccc1)[C@@H](N)C,,C[C@H](N)C(=O)c1ccccc1
Clobenzorex,,,,,Clc1ccccc1CNC(C)Cc2ccccc2,,CC(Cc1ccccc1)NCc1ccccc1Cl
Clominorex,,,,,Clc1ccc(cc1)C2O\C(=N/C2)N,,NC1=NCC(c2ccc(Cl)cc2)O1
DMMDA,,,,,CC(N)Cc1cc(OC)c2OCOc2c1OC,P,COc1cc(CC(C)N)c(OC)c2c1OCO2
Dimethylamphetamine,,,,,CC(N(C)C)CC1=CC=CC=C1,,CC(Cc1ccccc1)N(C)C
Doxylamine,,,,,n1ccccc1C(c1ccccc1)(C)OCCN(C)C,,CN(C)CCOC(C)(c1ccccc1)c1ccccn1
Eutylone,,,,,CCC(C(=O)C1=CC2=C(C=C1)OCO2)NCC,,CCNC(CC)C(=O)c1ccc2c(c1)OCO2
Fenfluramine,,,,,FC(F)(C1=CC(CC(C)NCC)=CC=C1)F,,CCNC(C)Cc1cccc(C(F)(F)F)c1
Fenozolone,,,,,O=C1\N=C(/OC1c2ccccc2)NCC,,CCNC1=NC(=O)C(c2ccccc2)O1
Fluminorex,,,,,FC(F)(F)c1ccc(cc1)C2O\C(=N/C2)N,,NC1=NCC(c2ccc(C(F)(F)F)cc2)O1
Hexobarbital,,,,,O=C1N(C(=O)NC(=O)C1(/C2=C/CCCC2)C)C,,CN1C(=O)NC(=O)C(C)(C2=CCCCC2)C1=O
IDNNA,,,,,Ic1cc(OC)c(cc1OC)CC(N(C)C)C,P,COc1cc(CC(C)N(C)C)c(OC)cc1I
Isopropylamphetamine,,,,,CC(NC(C)C)CC1=CC=CC=C1,,CC(C)NC(C)Cc1ccccc1
MDPHP,,,,,CCCCC(N1CCCC1)C(=O)c2ccc3OCOc3c2,,CCCCC(C(=O)c1ccc2c(c1)OCO2)N1CCCC1
Methcathinone,,,,,O=C(c1ccccc1)C(NC)C,,CNC(C)C(=O)c1ccccc1
Muscimol,,,,,NCc1cc(no1)O,,NCc1cc(O)no1
Norfenfluramine,,,,,FC(F)(F)c1cccc(c1)CC(N)C,,CC(N)Cc1cccc(C(F)(F)F)c1
Ortetamine,,,,,NC(C)CC1=C(C)C=CC=C1,,Cc1ccccc1CC(C)N
Pemoline,,,,,O=C2\N=C(/OC2c1ccccc1)N,,NC1=NC(=O)C(c2ccccc2)O1
Pentylone,,,,,c2cc1OCOc1cc2C(=O)C(NC)CCC,,CCCC(NC)C(=O)c1ccc2c(c1)OCO2
Phenmetrazine,,,,,CC1C(C2=CC=CC=C2)OCCN1,,CC1NCCOC1c1ccccc1
Propylamphetamine,,,,,NC(C)Cc1ccccc1CCC,,CCCc1ccccc1CC(C)N
Propylphenidate,,,,,C1(=CC=CC=C1)C(C(=O)OCCC)C2CCCCN2,,CCCOC(=O)C(c1ccccc1)C1CCCCN1
Proxibarbital,,,,,O=C1NC(=O)NC(=O)C1(CC(O)C)C\C=C,,C=CCC1(CC(C)O)C(=O)NC(=O)NC1=O
Selegiline,,,,,C#CCN([C@@H](Cc1ccccc1)C)C,,C#CCN(C)[C@H](C)Cc1ccccc1
Thozalinone,,,,,O=C2\N=C(/OC2c1ccccc1)N(C)C,,CN(C)C1=NC(=O)C(c2ccccc2)O1
UR-144,,,,,CCCCCN1C=C(C2=CC=CC=C21)C(=O)C3C(C3(C)C)(C)C,,CCCCCn1cc(C(=O)C2C(C)(C)C2(C)C)c2ccccc21
Xylopropamine,,,,,c1c(ccc(c1C)C)CC(N)C,,Cc1ccc(CC(C)N)cc1C
Zaleplon,,,,,O=C(C)N(CC)C1=CC=CC(C2=CC=NC3=C(C=NN23)C#N)=C1,,CCN(C(C)=O)c1cccc(-c2ccnc3c(C#N)cnn23)c1
2C-T-4,,,,,CC(C)Sc1cc(OC)c(cc1OC)CCN,P,COc1cc(SC(C)C)c(OC)cc1CCN
2C-T-8,,,,,COc2cc(SCC1CC1)c(cc2CCN)OC,P,COc1cc(SCC2CC2)c(OC)cc1CCN
2C-T-13,,,,,COc1cc(SCCOC)c(cc1CCN)OC,P,COCCSc1cc(OC)c(CCN)cc1OC
2C-T-15,,,,,COc2cc(SC1CC1)c(cc2CCN)OC,P,COc1cc(SC2CC2)c(OC)cc1CCN
2C-T-16,,,,,COc1cc(SCC=C)c(OC)cc1CCN,,C=CCSc1cc(OC)c(CCN)cc1OC
2C-T-17,,,,,CC(CC)Sc1cc(OC)c(cc1OC)CCN,P,CCC(C)Sc1cc(OC)c(CCN)cc1OC
